// Generated by art/mksprites.py from art/spritesheet.png — do not edit by hand.
#pragma once
#include <stdint.h>

constexpr uint16_t SPR_KEY = 0xF81F;   // magenta = transparent
struct SpriteImg { const uint16_t *data; uint8_t w, h; };

static const uint16_t spr_ninja_run_a_px[] = {
  0xF81F,0xF81F,0xF81F,0xF81F,0xF81F,0xF81F,0xF81F,0xF81F,0xF81F,0xF81F,0x2923,0x2923,0x2923,0xF81F,0xF81F,0xF81F,
  0xF81F,0xF81F,0xF81F,0xF81F,0xF81F,0xF81F,0xF81F,0xF81F,0xF81F,0xF81F,0xF81F,0xF81F,0xF81F,0x2923,0x2923,0x2923,
  0x2923,0x1907,0x2923,0x2923,0x2923,0x2923,0xF81F,0xF81F,0xF81F,0xF81F,0xF81F,0xF81F,0xF81F,0xF81F,0xF81F,0xF81F,
  0xF81F,0xF81F,0x2923,0x2923,0x1907,0x1907,0x1907,0x1907,0x1907,0x1907,0x1907,0x2923,0x2923,0xF81F,0xF81F,0xF81F,
  0xF81F,0xF81F,0xF81F,0xF81F,0xF81F,0xF81F,0xF81F,0xF81F,0x2923,0x1907,0x1907,0x1907,0x1907,0x1907,0x1907,0x1907,
  0x1907,0x1907,0x2923,0xF81F,0xF81F,0xF81F,0xF81F,0xF81F,0x2923,0x2923,0x2923,0x2923,0xF81F,0xF81F,0x2923,0x1907,
  0x1907,0x1907,0x1907,0x1907,0x1907,0x1907,0x1907,0x1907,0x2923,0xF81F,0xF81F,0xF81F,0xF81F,0xF81F,0x2923,0xD9C6,
  0xD9C6,0x2923,0x2923,0x2923,0x2923,0x1907,0x1907,0x1907,0x1907,0x1907,0x1907,0x1907,0x1907,0x1907,0x2923,0x2923,
  0xF81F,0xF81F,0xF81F,0xF81F,0x2923,0x2923,0x2923,0xD9C6,0xD9C6,0x2923,0x2923,0x2923,0x1907,0x1907,0x1907,0x1907,
  0x1907,0x1907,0x1907,0x1907,0x1907,0x2923,0xF81F,0xF81F,0xF81F,0xF81F,0xF81F,0xF81F,0x2923,0x2923,0x2923,0xD9C6,
  0xD9C6,0x2923,0xD9C6,0xD9C6,0xD9C6,0xD9C6,0xD9C6,0xD9C6,0xD9C6,0xD9C6,0xD9C6,0x2923,0xF81F,0xF81F,0xF81F,0xF81F,
  0xF81F,0xF81F,0xF81F,0xF81F,0x2923,0x2923,0x2923,0x2923,0xD9C6,0xD9C6,0xD9C6,0xD9C6,0xD9C6,0xD9C6,0xD9C6,0xD9C6,
  0xD9C6,0x2923,0x2923,0x2923,0xF81F,0xF81F,0xF81F,0xF81F,0x2923,0x2923,0x2923,0xD9C6,0xD9C6,0x2923,0xD9C6,0xD9C6,
  0xD9C6,0xD9C6,0xD9C6,0xD9C6,0xD9C6,0xD9C6,0x2923,0x2923,0x6B8F,0x2923,0xF81F,0xF81F,0x2923,0x2923,0x2923,0xD9C6,
  0xD9C6,0x2923,0x2923,0x2923,0x1907,0x1907,0x1907,0x1907,0x1907,0x1907,0x1907,0xFE87,0xFE87,0xFE87,0xFE87,0xFE87,
  0xF81F,0xF81F,0x2923,0xD9C6,0xD9C6,0x2923,0x2923,0x2923,0x29AB,0xD9C6,0xD9C6,0xD9C6,0xD9C6,0xD9C6,0xD9C6,0xD9C6,
  0x2923,0xFE87,0xFE87,0xFE87,0xFE87,0xFE87,0xF81F,0xF81F,0x2923,0x2923,0x2923,0x2923,0x2923,0x2923,0x2923,0xD9C6,
  0xD9C6,0xD9C6,0xD9C6,0xD9C6,0xD9C6,0x2923,0x2923,0x6B8F,0x2923,0x2923,0x2923,0x2923,0xF81F,0xF81F,0xF81F,0xF81F,
  0xF81F,0x2923,0x29AB,0x29AB,0x29AB,0x2923,0x29AB,0x29AB,0x29AB,0x29AB,0x2923,0x2923,0x6B8F,0x2923,0x2923,0x29AB,
  0x29AB,0x2923,0xF81F,0xF81F,0xF81F,0xF81F,0x2923,0x2923,0x29AB,0x29AB,0x29AB,0x2923,0x29AB,0x29AB,0x29AB,0x2923,
  0x2923,0x6B8F,0x2923,0x2923,0x29AB,0x29AB,0x29AB,0x2923,0x2923,0xF81F,0xF81F,0xF81F,0x2923,0x29AB,0x29AB,0x29AB,
  0x29AB,0x2923,0x29AB,0x29AB,0x2923,0x2923,0x6B8F,0x2923,0x2923,0x2923,0x29AB,0x29AB,0x29AB,0x29AB,0x2923,0xF81F,
  0xF81F,0xF81F,0x2923,0x29AB,0x29AB,0x29AB,0x29AB,0x2923,0x29AB,0x2923,0x2923,0x6B8F,0x2923,0x2923,0x29AB,0x2923,
  0x29AB,0x29AB,0x29AB,0x29AB,0x2923,0x2923,0xF81F,0x2923,0x2923,0x29AB,0x29AB,0x29AB,0x2923,0x2923,0x2923,0x2923,
  0x6B8F,0x2923,0x2923,0x29AB,0x29AB,0x2923,0x2923,0x29AB,0x29AB,0x29AB,0x29AB,0x2923,0xF81F,0x2923,0x29AB,0x29AB,
  0x29AB,0x29AB,0x2923,0x2923,0x2923,0x6B8F,0x2923,0x2923,0x29AB,0x29AB,0x29AB,0x29AB,0x2923,0x29AB,0x29AB,0x29AB,
  0x29AB,0x2923,0xF81F,0x2923,0x29AB,0x29AB,0x29AB,0x29AB,0x2923,0x2923,0x6B8F,0x2923,0x2923,0x29AB,0x2923,0x2923,
  0x2923,0x2923,0x2923,0x2923,0x29AB,0x29AB,0x29AB,0x2923,0xF81F,0x2923,0x29AB,0x29AB,0x29AB,0x2923,0x2923,0x6B8F,
  0x2923,0x2923,0x2923,0x29AB,0x2923,0x29AB,0x29AB,0x29AB,0x2923,0x2923,0x29AB,0x29AB,0x29AB,0x2923,0xF81F,0x2923,
  0x29AB,0x29AB,0x29AB,0x2923,0x6B8F,0x2923,0x2923,0x1907,0x2923,0x2923,0x2923,0x29AB,0x29AB,0x29AB,0x2923,0x2923,
  0x2923,0x2923,0x2923,0x2923,0xF81F,0x2923,0x2923,0x2923,0x2923,0x2923,0x2923,0x2923,0x1907,0x1907,0x2923,0x2923,
  0x29AB,0x29AB,0x29AB,0x29AB,0x2923,0x2923,0x2923,0xF81F,0xF81F,0xF81F,0xF81F,0xF81F,0xF81F,0xF81F,0x2923,0x1907,
  0x1907,0x1907,0x1907,0x2923,0x2923,0x2923,0x29AB,0x29AB,0x29AB,0x29AB,0x2923,0xF81F,0xF81F,0xF81F,0xF81F,0xF81F,
  0xF81F,0xF81F,0xF81F,0xF81F,0x2923,0x1907,0x1907,0x1907,0x1907,0x2923,0x2923,0x2923,0x29AB,0x29AB,0x29AB,0x2923,
  0x2923,0xF81F,0xF81F,0xF81F,0xF81F,0xF81F,0xF81F,0xF81F,0xF81F,0xF81F,0x2923,0x1907,0x1907,0x1907,0x2923,0x2923,
  0xF81F,0x2923,0x29AB,0x29AB,0x29AB,0x2923,0xF81F,0xF81F,0xF81F,0xF81F,0xF81F,0xF81F,0xF81F,0xF81F,0xF81F,0xF81F,
  0x2923,0x1907,0x1907,0x1907,0x2923,0xF81F,0xF81F,0x2923,0x29AB,0x29AB,0x29AB,0x2923,0xF81F,0xF81F,0xF81F,0xF81F,
  0xF81F,0xF81F,0xF81F,0xF81F,0xF81F,0xF81F,0x2923,0x2923,0x2923,0x2923,0x2923,0xF81F,0xF81F,0x2923,0x2923,0x2923,
  0x2923,0x2923,0xF81F,0xF81F,0xF81F,0xF81F,0xF81F,0xF81F
};
constexpr SpriteImg SPR_NINJA_RUN_A = { spr_ninja_run_a_px, 22, 28 };

static const uint16_t spr_ninja_run_b_px[] = {
  0xF81F,0xF81F,0xF81F,0xF81F,0xF81F,0xF81F,0xF81F,0xF81F,0xF81F,0xF81F,0x2923,0x2923,0x2923,0xF81F,0xF81F,0xF81F,
  0xF81F,0xF81F,0xF81F,0xF81F,0xF81F,0xF81F,0xF81F,0xF81F,0xF81F,0xF81F,0xF81F,0xF81F,0xF81F,0x2923,0x2923,0x2923,
  0x2923,0x1907,0x2923,0x2923,0x2923,0x2923,0xF81F,0xF81F,0xF81F,0xF81F,0xF81F,0xF81F,0xF81F,0xF81F,0xF81F,0xF81F,
  0xF81F,0xF81F,0x2923,0x2923,0x1907,0x1907,0x1907,0x1907,0x1907,0x1907,0x1907,0x2923,0x2923,0xF81F,0xF81F,0xF81F,
  0xF81F,0xF81F,0xF81F,0xF81F,0xF81F,0xF81F,0xF81F,0xF81F,0x2923,0x1907,0x1907,0x1907,0x1907,0x1907,0x1907,0x1907,
  0x1907,0x1907,0x2923,0xF81F,0xF81F,0xF81F,0xF81F,0xF81F,0x2923,0x2923,0x2923,0x2923,0xF81F,0xF81F,0x2923,0x1907,
  0x1907,0x1907,0x1907,0x1907,0x1907,0x1907,0x1907,0x1907,0x2923,0xF81F,0xF81F,0xF81F,0xF81F,0xF81F,0x2923,0xD9C6,
  0xD9C6,0x2923,0x2923,0x2923,0x2923,0x1907,0x1907,0x1907,0x1907,0x1907,0x1907,0x1907,0x1907,0x1907,0x2923,0x2923,
  0xF81F,0xF81F,0xF81F,0xF81F,0x2923,0x2923,0x2923,0xD9C6,0xD9C6,0x2923,0x2923,0x2923,0x1907,0x1907,0x1907,0x1907,
  0x1907,0x1907,0x1907,0x1907,0x1907,0x2923,0xF81F,0xF81F,0xF81F,0xF81F,0xF81F,0xF81F,0x2923,0x2923,0x2923,0xD9C6,
  0xD9C6,0x2923,0xD9C6,0xD9C6,0xD9C6,0xD9C6,0xD9C6,0xD9C6,0xD9C6,0xD9C6,0xD9C6,0x2923,0xF81F,0xF81F,0xF81F,0xF81F,
  0xF81F,0xF81F,0xF81F,0xF81F,0x2923,0x2923,0x2923,0x2923,0xD9C6,0xD9C6,0xD9C6,0xD9C6,0xD9C6,0xD9C6,0xD9C6,0xD9C6,
  0xD9C6,0x2923,0x2923,0x2923,0xF81F,0xF81F,0xF81F,0xF81F,0x2923,0x2923,0x2923,0xD9C6,0xD9C6,0x2923,0xD9C6,0xD9C6,
  0xD9C6,0xD9C6,0xD9C6,0xD9C6,0xD9C6,0xD9C6,0x2923,0x2923,0x6B8F,0x2923,0xF81F,0xF81F,0x2923,0x2923,0x2923,0xD9C6,
  0xD9C6,0x2923,0x2923,0x2923,0x1907,0x1907,0x1907,0x1907,0x1907,0x1907,0x1907,0xFE87,0xFE87,0xFE87,0xFE87,0xFE87,
  0xF81F,0xF81F,0x2923,0xD9C6,0xD9C6,0x2923,0x2923,0x2923,0x29AB,0xD9C6,0xD9C6,0xD9C6,0xD9C6,0xD9C6,0xD9C6,0xD9C6,
  0x2923,0xFE87,0xFE87,0xFE87,0xFE87,0xFE87,0xF81F,0xF81F,0x2923,0x2923,0x2923,0x2923,0x2923,0x2923,0x2923,0xD9C6,
  0xD9C6,0xD9C6,0xD9C6,0xD9C6,0xD9C6,0x2923,0x2923,0x6B8F,0x2923,0x2923,0x2923,0x2923,0xF81F,0xF81F,0xF81F,0xF81F,
  0xF81F,0x2923,0x29AB,0x29AB,0x29AB,0x2923,0x29AB,0x29AB,0x29AB,0x29AB,0x2923,0x2923,0x6B8F,0x2923,0x2923,0x29AB,
  0x29AB,0x2923,0xF81F,0xF81F,0xF81F,0xF81F,0x2923,0x2923,0x29AB,0x29AB,0x29AB,0x2923,0x29AB,0x29AB,0x29AB,0x2923,
  0x2923,0x6B8F,0x2923,0x2923,0x29AB,0x29AB,0x29AB,0x2923,0x2923,0xF81F,0xF81F,0xF81F,0x2923,0x29AB,0x29AB,0x29AB,
  0x29AB,0x2923,0x29AB,0x29AB,0x2923,0x2923,0x6B8F,0x2923,0x2923,0x2923,0x29AB,0x29AB,0x29AB,0x29AB,0x2923,0xF81F,
  0xF81F,0xF81F,0x2923,0x29AB,0x29AB,0x29AB,0x29AB,0x2923,0x29AB,0x2923,0x2923,0x6B8F,0x2923,0x2923,0x29AB,0x2923,
  0x29AB,0x29AB,0x29AB,0x29AB,0x2923,0x2923,0xF81F,0x2923,0x2923,0x29AB,0x29AB,0x29AB,0x2923,0x2923,0x2923,0x2923,
  0x6B8F,0x2923,0x2923,0x29AB,0x29AB,0x2923,0x2923,0x29AB,0x29AB,0x29AB,0x29AB,0x2923,0xF81F,0x2923,0x29AB,0x29AB,
  0x29AB,0x29AB,0x2923,0x2923,0x2923,0x6B8F,0x2923,0x2923,0x29AB,0x29AB,0x29AB,0x29AB,0x2923,0x29AB,0x29AB,0x29AB,
  0x29AB,0x2923,0xF81F,0x2923,0x29AB,0x29AB,0x29AB,0x29AB,0x2923,0x2923,0x6B8F,0x2923,0x2923,0x29AB,0x2923,0x2923,
  0x2923,0x2923,0x2923,0x2923,0x29AB,0x29AB,0x29AB,0x2923,0xF81F,0x2923,0x29AB,0x29AB,0x29AB,0x2923,0x2923,0x6B8F,
  0x2923,0x2923,0x2923,0x29AB,0x2923,0x29AB,0x29AB,0x29AB,0x2923,0x2923,0x29AB,0x29AB,0x29AB,0x2923,0xF81F,0x2923,
  0x29AB,0x29AB,0x29AB,0x2923,0x6B8F,0x2923,0x2923,0x1907,0x2923,0x2923,0x2923,0x29AB,0x29AB,0x29AB,0x29AB,0x2923,
  0x2923,0x2923,0x2923,0x2923,0xF81F,0x2923,0x2923,0x2923,0x2923,0x2923,0x2923,0x2923,0x1907,0x1907,0x1907,0x2923,
  0x2923,0x29AB,0x29AB,0x29AB,0x29AB,0x2923,0x2923,0xF81F,0xF81F,0xF81F,0xF81F,0xF81F,0xF81F,0xF81F,0xF81F,0xF81F,
  0x2923,0x1907,0x1907,0x1907,0x1907,0x2923,0x2923,0x2923,0x29AB,0x29AB,0x29AB,0x29AB,0x2923,0xF81F,0xF81F,0xF81F,
  0xF81F,0xF81F,0xF81F,0xF81F,0xF81F,0xF81F,0x2923,0x2923,0x1907,0x1907,0x1907,0x2923,0x2923,0x2923,0x29AB,0x29AB,
  0x29AB,0x29AB,0x2923,0xF81F,0xF81F,0xF81F,0xF81F,0xF81F,0xF81F,0xF81F,0xF81F,0xF81F,0xF81F,0x2923,0x1907,0x1907,
  0x1907,0x2923,0xF81F,0x2923,0x2923,0x29AB,0x29AB,0x29AB,0x2923,0xF81F,0xF81F,0xF81F,0xF81F,0xF81F,0xF81F,0xF81F,
  0xF81F,0xF81F,0xF81F,0x2923,0x1907,0x1907,0x1907,0x2923,0xF81F,0xF81F,0x2923,0x29AB,0x29AB,0x29AB,0x2923,0xF81F,
  0xF81F,0xF81F,0xF81F,0xF81F,0xF81F,0xF81F,0xF81F,0xF81F,0xF81F,0x2923,0x2923,0x2923,0x2923,0x2923,0xF81F,0xF81F,
  0x2923,0x2923,0x2923,0x2923,0x2923,0xF81F,0xF81F,0xF81F
};
constexpr SpriteImg SPR_NINJA_RUN_B = { spr_ninja_run_b_px, 22, 28 };

static const uint16_t spr_ninja_leap_px[] = {
  0xF81F,0xF81F,0xF81F,0xF81F,0xF81F,0xF81F,0xF81F,0xF81F,0xF81F,0xF81F,0xF81F,0xF81F,0x2923,0x2923,0x2923,0xF81F,
  0xF81F,0xF81F,0xF81F,0xF81F,0xF81F,0xF81F,0xF81F,0xF81F,0xF81F,0xF81F,0xF81F,0xF81F,0xF81F,0xF81F,0xF81F,0xF81F,
  0xF81F,0xF81F,0xF81F,0xF81F,0x2923,0x2923,0x2923,0x2923,0x1907,0x2923,0x2923,0x2923,0x2923,0xF81F,0xF81F,0xF81F,
  0xF81F,0xF81F,0xF81F,0xF81F,0xF81F,0xF81F,0xF81F,0xF81F,0xF81F,0xF81F,0xF81F,0xF81F,0xF81F,0xF81F,0x2923,0x2923,
  0x1907,0x1907,0x1907,0x1907,0x1907,0x1907,0x1907,0x2923,0x2923,0xF81F,0xF81F,0xF81F,0xF81F,0xF81F,0xF81F,0xF81F,
  0xF81F,0xF81F,0xF81F,0xF81F,0xF81F,0xF81F,0xF81F,0xF81F,0xF81F,0x2923,0x1907,0x1907,0x1907,0x1907,0x1907,0x1907,
  0x1907,0x1907,0x1907,0x2923,0xF81F,0xF81F,0xF81F,0xF81F,0xF81F,0xF81F,0xF81F,0xF81F,0xF81F,0xF81F,0x2923,0x2923,
  0x2923,0x2923,0xF81F,0xF81F,0x2923,0x1907,0x1907,0x1907,0x1907,0x1907,0x1907,0x1907,0x1907,0x1907,0x2923,0xF81F,
  0xF81F,0xF81F,0xF81F,0xF81F,0xF81F,0xF81F,0xF81F,0xF81F,0xF81F,0x2923,0xD9C6,0xD9C6,0x2923,0x2923,0x2923,0x2923,
  0x1907,0x1907,0x1907,0x1907,0x1907,0x1907,0x1907,0x1907,0x1907,0x2923,0x2923,0xF81F,0xF81F,0xF81F,0xF81F,0xF81F,
  0xF81F,0xF81F,0xF81F,0xF81F,0x2923,0x2923,0x2923,0xD9C6,0xD9C6,0x2923,0x2923,0x2923,0x1907,0x1907,0x1907,0x1907,
  0x1907,0x1907,0x1907,0x1907,0x1907,0x2923,0xF81F,0xF81F,0xF81F,0xF81F,0xF81F,0xF81F,0xF81F,0xF81F,0xF81F,0xF81F,
  0xF81F,0x2923,0x2923,0x2923,0xD9C6,0xD9C6,0x2923,0xD9C6,0xD9C6,0xD9C6,0xD9C6,0xD9C6,0xD9C6,0xD9C6,0xD9C6,0xD9C6,
  0x2923,0xF81F,0xF81F,0xF81F,0xF81F,0xF81F,0xF81F,0xF81F,0xF81F,0xF81F,0xF81F,0xF81F,0xF81F,0xF81F,0x2923,0x2923,
  0x2923,0x2923,0xD9C6,0xD9C6,0xD9C6,0xD9C6,0xD9C6,0xD9C6,0xD9C6,0xD9C6,0xD9C6,0x2923,0x2923,0x2923,0xF81F,0xF81F,
  0xF81F,0xF81F,0xF81F,0x2923,0x2923,0x2923,0x2923,0x2923,0x2923,0x2923,0xD9C6,0xD9C6,0x2923,0xD9C6,0xD9C6,0xD9C6,
  0xD9C6,0xD9C6,0xD9C6,0xD9C6,0xD9C6,0x2923,0x2923,0x6B8F,0x2923,0x2923,0x2923,0x2923,0x2923,0x2923,0x2923,0xF654,
  0x2923,0x2923,0x2923,0xD9C6,0xD9C6,0x2923,0x2923,0x2923,0x1907,0x1907,0x1907,0x1907,0x1907,0x1907,0x1907,0xFE87,
  0xFE87,0xFE87,0xFE87,0xFE87,0x2923,0xF654,0xF654,0xF654,0x2923,0x2923,0xF654,0x2923,0xD9C6,0xD9C6,0x2923,0x2923,
  0x2923,0x2923,0xD9C6,0xD9C6,0xD9C6,0xD9C6,0xD9C6,0xD9C6,0xD9C6,0x2923,0xFE87,0xFE87,0xFE87,0xFE87,0xFE87,0x2923,
  0xF654,0xF654,0xF654,0x2923,0x2923,0xF654,0x2923,0x2923,0x2923,0x2923,0x29AB,0x29AB,0x2923,0xD9C6,0xD9C6,0xD9C6,
  0xD9C6,0xD9C6,0xD9C6,0x2923,0x2923,0x6B8F,0x2923,0x2923,0x29AB,0x29AB,0x2923,0xF654,0xF654,0xF654,0x2923,0x2923,
  0x2923,0x2923,0x2923,0x2923,0x29AB,0x29AB,0x29AB,0x29AB,0x2923,0x29AB,0x29AB,0x29AB,0x29AB,0x2923,0x2923,0x6B8F,
  0x2923,0x2923,0x29AB,0x29AB,0x29AB,0x2923,0x2923,0x2923,0x2923,0x2923,0xF81F,0x2923,0x2923,0x2923,0x29AB,0x29AB,
  0x29AB,0x29AB,0x29AB,0x2923,0x29AB,0x29AB,0x29AB,0x2923,0x2923,0x6B8F,0x2923,0x2923,0x29AB,0x29AB,0x29AB,0x29AB,
  0x29AB,0x2923,0x2923,0x2923,0xF81F,0xF81F,0xF81F,0xF81F,0x2923,0x2923,0x2923,0x29AB,0x29AB,0x29AB,0x2923,0x29AB,
  0x29AB,0x2923,0x2923,0x6B8F,0x2923,0x2923,0x2923,0x29AB,0x29AB,0x29AB,0x2923,0x2923,0x2923,0xF81F,0xF81F,0xF81F,
  0xF81F,0xF81F,0xF81F,0xF81F,0xF81F,0x2923,0x2923,0x2923,0x2923,0x2923,0x29AB,0x2923,0x2923,0x6B8F,0x2923,0x2923,
  0x29AB,0x2923,0x2923,0x2923,0x2923,0x2923,0xF81F,0xF81F,0xF81F,0xF81F,0xF81F,0xF81F,0xF81F,0xF81F,0xF81F,0xF81F,
  0x2923,0x2923,0x29AB,0x29AB,0x29AB,0x2923,0x2923,0x6B8F,0x2923,0x2923,0x29AB,0x29AB,0x29AB,0x29AB,0x29AB,0x2923,
  0xF81F,0xF81F,0xF81F,0xF81F,0xF81F,0xF81F,0xF81F,0xF81F,0xF81F,0xF81F,0xF81F,0xF81F,0x2923,0x29AB,0x2923,0x2923,
  0x2923,0x6B8F,0x2923,0x2923,0x2923,0x2923,0x2923,0x2923,0x2923,0x29AB,0x2923,0xF81F,0xF81F,0xF81F,0xF81F,0xF81F,
  0xF81F,0xF81F,0xF81F,0xF81F,0xF81F,0xF81F,0xF81F,0x2923,0x2923,0x2923,0x2923,0x6B8F,0x2923,0x2923,0x29AB,0x2923,
  0x1907,0x1907,0x1907,0x2923,0x2923,0x2923,0xF81F,0xF81F,0xF81F,0xF81F,0xF81F,0xF81F,0xF81F,0xF81F,0xF81F,0xF81F,
  0xF81F,0xF81F,0x2923,0x2923,0x2923,0x6B8F,0x2923,0x2923,0x2923,0x29AB,0x2923,0x1907,0x1907,0x1907,0x1907,0x2923,
  0x2923,0xF81F,0xF81F,0xF81F,0xF81F,0xF81F,0xF81F,0xF81F,0xF81F,0xF81F,0xF81F,0xF81F,0x2923,0x2923,0x2923,0x6B8F,
  0x2923,0x2923,0x1907,0x2923,0x29AB,0x2923,0x1907,0x1907,0x1907,0x1907,0x1907,0x2923,0x2923,0xF81F,0xF81F,0xF81F,
  0xF81F,0xF81F,0xF81F,0xF81F,0xF81F,0xF81F,0x2923,0x2923,0x1907,0x2923,0x2923,0x2923,0x1907,0x2923,0x2923,0x2923,
  0x2923,0x2923,0x1907,0x1907,0x1907,0x1907,0x1907,0x2923,0x2923,0xF81F,0xF81F,0xF81F,0xF81F,0xF81F,0xF81F,0xF81F,
  0xF81F,0x2923,0x1907,0x1907,0x1907,0x1907,0x1907,0x2923,0x2923,0xF81F,0xF81F,0xF81F,0x2923,0x2923,0x1907,0x1907,
  0x1907,0x1907,0x1907,0x2923,0xF81F,0xF81F,0xF81F,0xF81F,0xF81F,0xF81F,0xF81F,0xF81F,0x2923,0x1907,0x1907,0x1907,
  0x1907,0x2923,0x2923,0xF81F,0xF81F,0xF81F,0xF81F,0xF81F,0x2923,0x2923,0x1907,0x1907,0x1907,0x1907,0x2923,0xF81F,
  0xF81F,0xF81F,0xF81F,0xF81F,0xF81F,0xF81F,0xF81F,0x2923,0x1907,0x1907,0x1907,0x2923,0x2923,0xF81F,0xF81F,0xF81F,
  0xF81F,0xF81F,0xF81F,0xF81F,0x2923,0x2923,0x1907,0x1907,0x1907,0x2923,0xF81F,0xF81F,0xF81F,0xF81F,0xF81F,0xF81F,
  0xF81F,0xF81F,0x2923,0x2923,0x2923,0x2923,0x2923,0xF81F,0xF81F,0xF81F,0xF81F,0xF81F,0xF81F,0xF81F,0xF81F,0xF81F,
  0x2923,0x2923,0x2923,0x2923,0x2923,0xF81F,0xF81F,0xF81F,0xF81F
};
constexpr SpriteImg SPR_NINJA_LEAP = { spr_ninja_leap_px, 27, 27 };

static const uint16_t spr_ninja_windup_px[] = {
  0xF81F,0xF81F,0xF81F,0xF81F,0xF81F,0xF81F,0xF81F,0xF81F,0xF81F,0xF81F,0xF81F,0xF81F,0xF81F,0xF81F,0xF81F,0x2923,
  0x2923,0x2923,0xF81F,0xF81F,0xF81F,0xF81F,0xF81F,0xF81F,0xF81F,0xF81F,0xF81F,0xF81F,0xF81F,0xF81F,0xF81F,0xF81F,
  0xF81F,0xF81F,0xF81F,0xF81F,0xF81F,0x2923,0xB5B7,0x2923,0xF81F,0xF81F,0xF81F,0xF81F,0xF81F,0xF81F,0xF81F,0xF81F,
  0xF81F,0xF81F,0xF81F,0xF81F,0xF81F,0xF81F,0xF81F,0xF81F,0xF81F,0xF81F,0xF81F,0x2923,0xB5B7,0x2923,0x2923,0xF81F,
  0xF81F,0xF81F,0xF81F,0xF81F,0xF81F,0xF81F,0xF81F,0xF81F,0xF81F,0xF81F,0xF81F,0xF81F,0x2923,0x2923,0x2923,0xF81F,
  0xF81F,0x2923,0x2923,0xB5B7,0x2923,0xF81F,0xF81F,0xF81F,0xF81F,0xF81F,0xF81F,0xF81F,0xF81F,0xF81F,0xF81F,0x2923,
  0x2923,0x2923,0x2923,0x1907,0x2923,0x2923,0x2923,0x2923,0x2923,0xB5B7,0x2923,0x2923,0xF81F,0xF81F,0xF81F,0xF81F,
  0xF81F,0xF81F,0xF81F,0xF81F,0x2923,0x2923,0x1907,0x1907,0x1907,0x1907,0x1907,0x1907,0x1907,0x2923,0x2923,0x2923,
  0xB5B7,0x2923,0xF81F,0xF81F,0xF81F,0xF81F,0xF81F,0xF81F,0xF81F,0xF81F,0x2923,0x1907,0x1907,0x1907,0x1907,0x1907,
  0x1907,0x1907,0x1907,0x1907,0x2923,0xFE87,0xFE87,0xFE87,0xFE87,0xFE87,0x2923,0x2923,0x2923,0x2923,0xF81F,0xF81F,
  0x2923,0x1907,0x1907,0x1907,0x1907,0x1907,0x1907,0x1907,0x1907,0x1907,0x2923,0xFE87,0xFE87,0xFE87,0xFE87,0xFE87,
  0x2923,0xD9C6,0xD9C6,0x2923,0x2923,0x2923,0x2923,0x1907,0x1907,0x1907,0x1907,0x1907,0x1907,0x1907,0x1907,0x1907,
  0x2923,0x2923,0x2923,0xB5B7,0x2923,0x2923,0x2923,0x2923,0x2923,0xD9C6,0xD9C6,0x2923,0x2923,0x2923,0x1907,0x1907,
  0x1907,0x1907,0x1907,0x1907,0x1907,0x1907,0x1907,0x2923,0x2923,0x2923,0x2923,0x2923,0xF81F,0xF81F,0x2923,0x2923,
  0x2923,0xD9C6,0xD9C6,0x2923,0xD9C6,0xD9C6,0xD9C6,0xD9C6,0xD9C6,0xD9C6,0xD9C6,0xD9C6,0xD9C6,0x2923,0xF654,0xF654,
  0xF654,0x2923,0xF81F,0xF81F,0xF81F,0xF81F,0x2923,0x2923,0x2923,0x2923,0xD9C6,0xD9C6,0xD9C6,0xD9C6,0xD9C6,0xD9C6,
  0xD9C6,0xD9C6,0xD9C6,0x2923,0x2923,0x2923,0x2923,0x2923,0xF81F,0xF81F,0x2923,0x2923,0x2923,0xD9C6,0xD9C6,0x2923,
  0xD9C6,0xD9C6,0xD9C6,0xD9C6,0xD9C6,0xD9C6,0xD9C6,0xD9C6,0xD9C6,0x29AB,0x29AB,0x29AB,0x2923,0x2923,0x2923,0x2923,
  0x2923,0xD9C6,0xD9C6,0x2923,0x2923,0x2923,0x1907,0x1907,0x1907,0x1907,0x1907,0x1907,0x1907,0x2923,0x2923,0x29AB,
  0x29AB,0x29AB,0x2923,0xF81F,0x2923,0xD9C6,0xD9C6,0x2923,0x2923,0x2923,0x29AB,0xD9C6,0xD9C6,0xD9C6,0xD9C6,0xD9C6,
  0xD9C6,0xD9C6,0xD9C6,0xD9C6,0x29AB,0x29AB,0x29AB,0x2923,0x2923,0xF81F,0x2923,0x2923,0x2923,0x2923,0x2923,0x2923,
  0x2923,0xD9C6,0xD9C6,0xD9C6,0xD9C6,0xD9C6,0xD9C6,0xD9C6,0xD9C6,0xD9C6,0x29AB,0x29AB,0x29AB,0x2923,0xF81F,0xF81F,
  0xF81F,0xF81F,0xF81F,0x2923,0x2923,0x2923,0x29AB,0x29AB,0x29AB,0x2923,0x29AB,0x29AB,0x29AB,0x2923,0x29AB,0x29AB,
  0x29AB,0x29AB,0x2923,0x2923,0xF81F,0xF81F,0xF81F,0xF81F,0xF81F,0x2923,0x2923,0x2923,0x29AB,0x29AB,0x29AB,0x2923,
  0x29AB,0x29AB,0x29AB,0x2923,0x29AB,0x29AB,0x29AB,0x29AB,0x2923,0x2923,0xF81F,0xF81F,0xF81F,0xF81F,0xF81F,0x2923,
  0x2923,0x29AB,0x29AB,0x29AB,0x29AB,0x2923,0x29AB,0x29AB,0x29AB,0x2923,0x29AB,0x29AB,0x29AB,0x2923,0x2923,0x2923,
  0xF81F,0xF81F,0xF81F,0xF81F,0xF81F,0x2923,0x2923,0x29AB,0x29AB,0x29AB,0x29AB,0x2923,0x29AB,0x29AB,0x29AB,0x2923,
  0x2923,0x2923,0x2923,0x2923,0x29AB,0x2923,0xF81F,0xF81F,0xF81F,0xF81F,0xF81F,0x2923,0x29AB,0x29AB,0x29AB,0x29AB,
  0x2923,0x2923,0x29AB,0x29AB,0x29AB,0x29AB,0x29AB,0x29AB,0x29AB,0x29AB,0x29AB,0x2923,0xF81F,0xF81F,0xF81F,0xF81F,
  0xF81F,0x2923,0x29AB,0x29AB,0x29AB,0x29AB,0x2923,0x29AB,0x29AB,0x29AB,0x29AB,0x29AB,0x29AB,0x29AB,0x29AB,0x29AB,
  0x29AB,0x2923,0xF81F,0xF81F,0xF81F,0xF81F,0x2923,0x2923,0x29AB,0x29AB,0x29AB,0x2923,0x2923,0x29AB,0x29AB,0x29AB,
  0x29AB,0x29AB,0x29AB,0x29AB,0x29AB,0x29AB,0x2923,0x2923,0xF81F,0xF81F,0xF81F,0xF81F,0x2923,0x29AB,0x29AB,0x29AB,
  0x29AB,0x2923,0x29AB,0x29AB,0x29AB,0x29AB,0x29AB,0x29AB,0x29AB,0x29AB,0x29AB,0x29AB,0x2923,0xF81F,0xF81F,0xF81F,
  0xF81F,0xF81F,0x2923,0x29AB,0x29AB,0x29AB,0x29AB,0x2923,0x29AB,0x29AB,0x29AB,0x29AB,0x29AB,0x29AB,0x29AB,0x29AB,
  0x29AB,0x29AB,0x2923,0xF81F,0xF81F,0xF81F,0xF81F,0xF81F,0x2923,0x29AB,0x29AB,0x29AB,0x2923,0x2923,0x2923,0x2923,
  0x2923,0x29AB,0x2923,0x2923,0x2923,0x2923,0x2923,0x29AB,0x2923,0xF81F,0xF81F,0xF81F,0xF81F,0xF81F,0x2923,0x29AB,
  0x29AB,0x2923,0x2923,0x1907,0x1907,0x1907,0x2923,0x29AB,0x2923,0x1907,0x1907,0x1907,0x2923,0x2923,0x2923,0xF81F,
  0xF81F,0xF81F,0xF81F,0xF81F,0x2923,0x2923,0x2923,0x2923,0x1907,0x1907,0x1907,0x1907,0x2923,0x2923,0x2923,0x1907,
  0x1907,0x1907,0x1907,0x1907,0x2923,0xF81F,0xF81F,0xF81F,0xF81F,0xF81F,0xF81F,0xF81F,0xF81F,0x2923,0x1907,0x1907,
  0x1907,0x1907,0x2923,0xF81F,0x2923,0x1907,0x1907,0x1907,0x1907,0x1907,0x2923,0xF81F,0xF81F,0xF81F,0xF81F,0xF81F,
  0xF81F,0xF81F,0xF81F,0x2923,0x1907,0x1907,0x1907,0x2923,0x2923,0xF81F,0x2923,0x2923,0x1907,0x1907,0x1907,0x1907,
  0x2923,0xF81F,0xF81F,0xF81F,0xF81F,0xF81F,0xF81F,0xF81F,0xF81F,0x2923,0x2923,0x2923,0x2923,0x2923,0xF81F,0xF81F,
  0xF81F,0x2923,0x2923,0x2923,0x2923,0x2923,0x2923,0xF81F,0xF81F,0xF81F
};
constexpr SpriteImg SPR_NINJA_WINDUP = { spr_ninja_windup_px, 22, 31 };

static const uint16_t spr_ninja_swing_px[] = {
  0xF81F,0xF81F,0xF81F,0xF81F,0xF81F,0xF81F,0xF81F,0xF81F,0x2923,0x2923,0x2923,0x2923,0x2923,0x2923,0x2923,0xF81F,
  0xF81F,0xF81F,0xF81F,0xF81F,0xF81F,0xF81F,0xF81F,0xF81F,0xF81F,0xF81F,0xF81F,0xF81F,0xF81F,0xF81F,0xF81F,0x2923,
  0xFFFF,0xFFFF,0xFFFF,0xFFFF,0xFFFF,0x2923,0x2923,0x2923,0x2923,0x2923,0xF81F,0xF81F,0xF81F,0xF81F,0xF81F,0xF81F,
  0xF81F,0xF81F,0xF81F,0xF81F,0xF81F,0xF81F,0x2923,0x2923,0x2923,0x2923,0x2923,0x2923,0xFFFF,0xFFFF,0xFFFF,0xFFFF,
  0x2923,0x2923,0xF81F,0xF81F,0xF81F,0xF81F,0xF81F,0xF81F,0xF81F,0xF81F,0xF81F,0xF81F,0xF81F,0xF81F,0xF81F,0xF81F,
  0xF81F,0xF81F,0x2923,0x2923,0x2923,0x2923,0x2923,0xFFFF,0x2923,0x2923,0xF81F,0xF81F,0xF81F,0xF81F,0xF81F,0xF81F,
  0xF81F,0xF81F,0xF81F,0xF81F,0xF81F,0xF81F,0x2923,0x2923,0x2923,0xF81F,0xF81F,0xF81F,0xF81F,0x2923,0x2923,0xFFFF,
  0x2923,0x2923,0xF81F,0xF81F,0xF81F,0xF81F,0xF81F,0xF81F,0xF81F,0xF81F,0x2923,0x2923,0x2923,0x2923,0x1907,0x2923,
  0x2923,0x2923,0x2923,0xF81F,0xF81F,0x2923,0x2923,0xFFFF,0x2923,0x2923,0xF81F,0xF81F,0xF81F,0xF81F,0xF81F,0xF81F,
  0x2923,0x2923,0x1907,0x1907,0x1907,0x1907,0x1907,0x1907,0x1907,0x2923,0x2923,0xF81F,0xF81F,0x2923,0x2923,0xFFFF,
  0x2923,0xF81F,0xF81F,0xF81F,0xF81F,0xF81F,0xF81F,0x2923,0x1907,0x1907,0x1907,0x1907,0x1907,0x1907,0x1907,0x1907,
  0x1907,0x2923,0xF81F,0xF81F,0x2923,0x2923,0xFFFF,0x2923,0x2923,0x2923,0x2923,0x2923,0xF81F,0xF81F,0x2923,0x1907,
  0x1907,0x1907,0x1907,0x1907,0x1907,0x1907,0x1907,0x1907,0x2923,0xF81F,0xF81F,0x2923,0xFFFF,0x2923,0x2923,0x2923,
  0xD9C6,0xD9C6,0x2923,0x2923,0x2923,0x2923,0x1907,0x1907,0x1907,0x1907,0x1907,0x1907,0x1907,0x1907,0x1907,0x2923,
  0x2923,0xF81F,0x2923,0xFFFF,0x2923,0xF81F,0x2923,0x2923,0x2923,0xD9C6,0xD9C6,0x2923,0x2923,0x2923,0x1907,0x1907,
  0x1907,0x1907,0x1907,0x1907,0x1907,0x1907,0x1907,0x2923,0xF81F,0x2923,0xFFFF,0x2923,0xF81F,0xF81F,0xF81F,0x2923,
  0x2923,0x2923,0xD9C6,0xD9C6,0x2923,0xD9C6,0xD9C6,0xD9C6,0xD9C6,0xD9C6,0xD9C6,0xD9C6,0xD9C6,0xD9C6,0xFE87,0xFE87,
  0xFE87,0xFE87,0xFE87,0xF81F,0xF81F,0xF81F,0xF81F,0xF81F,0x2923,0x2923,0x2923,0x2923,0xD9C6,0xD9C6,0xD9C6,0xD9C6,
  0xD9C6,0xD9C6,0xD9C6,0xD9C6,0xD9C6,0xFE87,0xFE87,0xFE87,0xFE87,0xFE87,0xF81F,0xF81F,0xF81F,0x2923,0x2923,0x2923,
  0xD9C6,0xD9C6,0x2923,0xD9C6,0xD9C6,0xD9C6,0xD9C6,0xD9C6,0xD9C6,0xD9C6,0xD9C6,0xD9C6,0x2923,0x2923,0xFFFF,0x2923,
  0x2923,0xF81F,0x2923,0x2923,0x2923,0xD9C6,0xD9C6,0x2923,0x2923,0x2923,0x1907,0x1907,0x1907,0x1907,0x1907,0x1907,
  0x1907,0x2923,0x2923,0x2923,0x2923,0x2923,0x2923,0x2923,0xF81F,0x2923,0xD9C6,0xD9C6,0x2923,0x2923,0x2923,0x29AB,
  0xD9C6,0xD9C6,0xD9C6,0xD9C6,0xD9C6,0xD9C6,0xD9C6,0xD9C6,0xD9C6,0x29AB,0x2923,0xF654,0xF654,0xF654,0x2923,0xF81F,
  0x2923,0x2923,0x2923,0x2923,0x2923,0x2923,0x29AB,0xD9C6,0xD9C6,0xD9C6,0xD9C6,0xD9C6,0xD9C6,0xD9C6,0xD9C6,0xD9C6,
  0x29AB,0x2923,0x2923,0x2923,0x2923,0x2923,0xF81F,0xF81F,0xF81F,0xF81F,0x2923,0x2923,0x2923,0x2923,0x2923,0x2923,
  0x2923,0x29AB,0x29AB,0x29AB,0x2923,0x29AB,0x29AB,0x29AB,0x29AB,0x29AB,0x2923,0x2923,0xF81F,0xF81F,0xF81F,0xF81F,
  0xF81F,0x2923,0x2923,0x2923,0x29AB,0x29AB,0x29AB,0x2923,0x29AB,0x29AB,0x29AB,0x2923,0x29AB,0x29AB,0x29AB,0x29AB,
  0x2923,0x2923,0xF81F,0xF81F,0xF81F,0xF81F,0xF81F,0xF81F,0x2923,0x2923,0x29AB,0x29AB,0x29AB,0x29AB,0x2923,0x29AB,
  0x29AB,0x29AB,0x2923,0x29AB,0x29AB,0x29AB,0x2923,0x2923,0x2923,0xF81F,0xF81F,0xF81F,0xF81F,0xF81F,0x2923,0x2923,
  0x29AB,0x29AB,0x29AB,0x29AB,0x29AB,0x2923,0x29AB,0x29AB,0x29AB,0x2923,0x2923,0x2923,0x2923,0x2923,0x29AB,0x2923,
  0xF81F,0xF81F,0xF81F,0xF81F,0x2923,0x2923,0x29AB,0x29AB,0x29AB,0x29AB,0x29AB,0x2923,0x2923,0x29AB,0x29AB,0x29AB,
  0x29AB,0x29AB,0x29AB,0x29AB,0x29AB,0x29AB,0x2923,0xF81F,0xF81F,0xF81F,0xF81F,0x2923,0x29AB,0x29AB,0x29AB,0x29AB,
  0x29AB,0x2923,0x2923,0x29AB,0x29AB,0x29AB,0x29AB,0x29AB,0x29AB,0x29AB,0x29AB,0x29AB,0x29AB,0x2923,0xF81F,0xF81F,
  0xF81F,0xF81F,0x2923,0x29AB,0x29AB,0x29AB,0x29AB,0x2923,0x2923,0x29AB,0x29AB,0x29AB,0x29AB,0x29AB,0x29AB,0x29AB,
  0x29AB,0x29AB,0x29AB,0x29AB,0x2923,0xF81F,0xF81F,0xF81F,0xF81F,0x2923,0x29AB,0x29AB,0x29AB,0x2923,0x2923,0x29AB,
  0x29AB,0x29AB,0x29AB,0x29AB,0x29AB,0x29AB,0x29AB,0x29AB,0x29AB,0x29AB,0x2923,0x2923,0xF81F,0xF81F,0xF81F,0xF81F,
  0x2923,0x2923,0x2923,0x2923,0x2923,0x29AB,0x29AB,0x29AB,0x29AB,0x29AB,0x29AB,0x29AB,0x29AB,0x29AB,0x29AB,0x29AB,
  0x29AB,0x2923,0xF81F,0xF81F,0xF81F,0xF81F,0xF81F,0xF81F,0xF81F,0xF81F,0x2923,0x2923,0x2923,0x2923,0x2923,0x2923,
  0x29AB,0x29AB,0x29AB,0x2923,0x2923,0x2923,0x2923,0x2923,0x2923,0xF81F,0xF81F,0xF81F,0xF81F,0xF81F,0xF81F,0xF81F,
  0xF81F,0x2923,0x2923,0x1907,0x1907,0x1907,0x2923,0x29AB,0x29AB,0x29AB,0x2923,0x1907,0x1907,0x1907,0x2923,0x2923,
  0xF81F,0xF81F,0xF81F,0xF81F,0xF81F,0xF81F,0xF81F,0xF81F,0x2923,0x1907,0x1907,0x1907,0x1907,0x2923,0x2923,0x2923,
  0x2923,0x2923,0x1907,0x1907,0x1907,0x1907,0x2923,0xF81F,0xF81F,0xF81F,0xF81F,0xF81F,0xF81F,0xF81F,0xF81F,0x2923,
  0x1907,0x1907,0x1907,0x1907,0x2923,0xF81F,0xF81F,0xF81F,0x2923,0x1907,0x1907,0x1907,0x1907,0x2923,0xF81F,0xF81F,
  0xF81F,0xF81F,0xF81F,0xF81F,0xF81F,0xF81F,0x2923,0x1907,0x1907,0x1907,0x2923,0x2923,0xF81F,0xF81F,0xF81F,0x2923,
  0x2923,0x1907,0x1907,0x1907,0x2923,0xF81F,0xF81F,0xF81F,0xF81F,0xF81F,0xF81F,0xF81F,0xF81F,0x2923,0x2923,0x2923,
  0x2923,0x2923,0xF81F,0xF81F,0xF81F,0xF81F,0xF81F,0x2923,0x2923,0x2923,0x2923,0x2923,0xF81F,0xF81F,0xF81F,0xF81F
};
constexpr SpriteImg SPR_NINJA_SWING = { spr_ninja_swing_px, 23, 32 };

static const uint16_t spr_ninja_hurt_px[] = {
  0xF81F,0xF81F,0xF81F,0xF81F,0xF81F,0xF81F,0xF81F,0xF81F,0xF81F,0xF81F,0xF81F,0xF81F,0xF81F,0xF81F,0xF81F,0xF81F,
  0xF81F,0xF81F,0xF81F,0x2923,0x2923,0x2923,0xF81F,0xF81F,0xF81F,0xF81F,0xF81F,0xF81F,0xF81F,0xF81F,0xF81F,0xF81F,
  0xF81F,0xF81F,0xF81F,0xF81F,0xF81F,0xF81F,0xF81F,0xF81F,0xF81F,0xF81F,0xF81F,0xF81F,0xF81F,0x2923,0xFE87,0x2923,
  0xF81F,0xF81F,0xF81F,0xF81F,0xF81F,0xF81F,0x2923,0x2923,0x2923,0xF81F,0xF81F,0xF81F,0xF81F,0xF81F,0x2923,0x2923,
  0x2923,0xF81F,0xF81F,0xF81F,0xF81F,0x2923,0x2923,0x2923,0xFE87,0x2923,0x2923,0x2923,0xF81F,0xF81F,0xF81F,0xF81F,
  0x2923,0xFE87,0x2923,0xF81F,0xF81F,0x2923,0x2923,0x2923,0x2923,0x1907,0x2923,0x2923,0x2923,0x2923,0xF81F,0x2923,
  0xFE87,0xFE87,0xFE87,0xFE87,0xFE87,0x2923,0xF81F,0xF81F,0x2923,0x2923,0x2923,0xFE87,0x2923,0x2923,0x2923,0x2923,
  0x1907,0x1907,0x1907,0x1907,0x1907,0x1907,0x1907,0x2923,0x2923,0x2923,0x2923,0x2923,0xFE87,0x2923,0x2923,0x2923,
  0xF81F,0xF81F,0x2923,0xFE87,0xFE87,0xFE87,0xFE87,0xFE87,0x2923,0x1907,0x1907,0x1907,0x1907,0x1907,0x1907,0x1907,
  0x1907,0x1907,0x2923,0xF81F,0xF81F,0x2923,0xFE87,0x2923,0xF81F,0xF81F,0xF81F,0xF81F,0x2923,0x2923,0x2923,0x2923,
  0x2923,0x2923,0x2923,0x1907,0x1907,0x1907,0x1907,0x1907,0x1907,0x1907,0x1907,0x1907,0x2923,0xF81F,0xF81F,0x2923,
  0x2923,0x2923,0xF81F,0xF81F,0xF81F,0xF81F,0xF81F,0x2923,0xD9C6,0xD9C6,0x2923,0x2923,0x2923,0x1907,0x1907,0x1907,
  0x1907,0x1907,0x1907,0x1907,0x1907,0x1907,0x2923,0x2923,0xF81F,0xF81F,0xF81F,0x2923,0x2923,0x2923,0xF81F,0xF81F,
  0xF81F,0x2923,0x2923,0x2923,0xD9C6,0xD9C6,0x2923,0x2923,0x2923,0x1907,0x1907,0x1907,0x1907,0x1907,0x1907,0x1907,
  0x1907,0x2923,0xF81F,0xF81F,0xF81F,0x2923,0xFE87,0x2923,0xF81F,0xF81F,0xF81F,0xF81F,0xF81F,0x2923,0x2923,0x2923,
  0xD9C6,0xD9C6,0x2923,0xD9C6,0xD9C6,0xD9C6,0xD9C6,0xD9C6,0xD9C6,0xD9C6,0xD9C6,0xD9C6,0xF81F,0x2923,0x2923,0x2923,
  0xFE87,0x2923,0x2923,0x2923,0xF81F,0xF81F,0xF81F,0xF81F,0xF81F,0x2923,0x2923,0x2923,0x2923,0xD9C6,0xD9C6,0xD9C6,
  0xD9C6,0xD9C6,0xD9C6,0xD9C6,0xD9C6,0xD9C6,0x2923,0x2923,0x2923,0xFE87,0xFE87,0xFE87,0xFE87,0x2923,0xF81F,0xF81F,
  0xF81F,0x2923,0x2923,0x2923,0xD9C6,0xD9C6,0x2923,0xD9C6,0xD9C6,0xD9C6,0xD9C6,0xD9C6,0xD9C6,0xD9C6,0xD9C6,0x2923,
  0x2923,0x6B8F,0x2923,0x2923,0xFE87,0x2923,0x2923,0x2923,0xF81F,0x2923,0x2923,0x2923,0xD9C6,0xD9C6,0x2923,0x2923,
  0x2923,0x1907,0x1907,0x1907,0x1907,0x1907,0x1907,0x2923,0xFE87,0xFE87,0xFE87,0xFE87,0xFE87,0x2923,0xFE87,0x2923,
  0xF81F,0xF81F,0xF81F,0x2923,0xD9C6,0xD9C6,0x2923,0x2923,0x2923,0x2923,0xD9C6,0xD9C6,0xD9C6,0xD9C6,0xD9C6,0xD9C6,
  0xD9C6,0x2923,0xFE87,0xFE87,0xFE87,0xFE87,0xFE87,0x2923,0x2923,0x2923,0xF81F,0xF81F,0xF81F,0x2923,0x2923,0x2923,
  0x2923,0x2923,0x29AB,0x29AB,0xD9C6,0xD9C6,0xD9C6,0xD9C6,0xD9C6,0xD9C6,0x2923,0x2923,0x6B8F,0x2923,0x2923,0x29AB,
  0x29AB,0x29AB,0x29AB,0x2923,0xF81F,0xF81F,0xF81F,0xF81F,0xF81F,0xF81F,0x2923,0x2923,0x2923,0x2923,0x2923,0x29AB,
  0x29AB,0x29AB,0x29AB,0x2923,0x2923,0x6B8F,0x2923,0x2923,0x29AB,0x29AB,0x29AB,0x29AB,0x29AB,0x2923,0xF81F,0xF81F,
  0xF81F,0xF81F,0xF81F,0x2923,0x2923,0x29AB,0x29AB,0x29AB,0x2923,0x29AB,0x29AB,0x29AB,0x2923,0x2923,0x6B8F,0x2923,
  0x2923,0x29AB,0x29AB,0x29AB,0x29AB,0x29AB,0x2923,0x2923,0xF81F,0xF81F,0xF81F,0xF81F,0x2923,0x2923,0x29AB,0x29AB,
  0x29AB,0x29AB,0x2923,0x29AB,0x29AB,0x2923,0x2923,0x6B8F,0x2923,0x2923,0x29AB,0x29AB,0x29AB,0x29AB,0x2923,0x2923,
  0x2923,0xF81F,0xF81F,0xF81F,0xF81F,0x2923,0x2923,0x29AB,0x29AB,0x29AB,0x29AB,0x29AB,0x2923,0x29AB,0x2923,0x2923,
  0x6B8F,0x2923,0x2923,0x2923,0x29AB,0x29AB,0x29AB,0x2923,0x2923,0xF81F,0xF81F,0xF81F,0xF81F,0xF81F,0x2923,0x2923,
  0x29AB,0x29AB,0x29AB,0x29AB,0x29AB,0x2923,0x2923,0x2923,0x2923,0x6B8F,0x2923,0x2923,0x29AB,0x2923,0x2923,0x2923,
  0x2923,0x2923,0x2923,0xF81F,0xF81F,0xF81F,0xF81F,0xF81F,0x2923,0x29AB,0x29AB,0x29AB,0x29AB,0x29AB,0x2923,0x2923,
  0x2923,0x2923,0x6B8F,0x2923,0x2923,0x29AB,0x29AB,0x29AB,0x29AB,0x29AB,0x29AB,0x29AB,0x2923,0xF81F,0xF81F,0xF81F,
  0xF81F,0xF81F,0x2923,0x29AB,0x29AB,0x29AB,0x29AB,0x2923,0x2923,0x2923,0x2923,0x6B8F,0x2923,0x2923,0x29AB,0x29AB,
  0x29AB,0x29AB,0x29AB,0x29AB,0x29AB,0x29AB,0x2923,0xF81F,0xF81F,0xF81F,0xF81F,0xF81F,0x2923,0x29AB,0x29AB,0x29AB,
  0x2923,0x2923,0x2923,0x2923,0x6B8F,0x2923,0x2923,0x29AB,0x29AB,0x29AB,0x29AB,0x29AB,0x29AB,0x29AB,0x29AB,0x29AB,
  0x2923,0xF81F,0xF81F,0xF81F,0xF81F,0xF81F,0x2923,0x2923,0x2923,0x2923,0x2923,0x2923,0x2923,0x6B8F,0x2923,0x2923,
  0x29AB,0x29AB,0x29AB,0x29AB,0x29AB,0x29AB,0x29AB,0x29AB,0x29AB,0x29AB,0x2923,0xF81F,0xF81F,0xF81F,0xF81F,0xF81F,
  0xF81F,0xF81F,0xF81F,0xF81F,0xF81F,0xF81F,0x2923,0x2923,0x2923,0x2923,0x2923,0x2923,0x29AB,0x29AB,0x2923,0x2923,
  0x2923,0x2923,0x2923,0x29AB,0x2923,0xF81F,0xF81F,0xF81F,0xF81F,0xF81F,0xF81F,0xF81F,0xF81F,0xF81F,0xF81F,0x2923,
  0x2923,0x2923,0x1907,0x1907,0x1907,0x2923,0x29AB,0x29AB,0x2923,0x1907,0x1907,0x1907,0x2923,0x2923,0x2923,0xF81F,
  0xF81F,0xF81F,0xF81F,0xF81F,0xF81F,0xF81F,0xF81F,0xF81F,0xF81F,0x2923,0x1907,0x1907,0x1907,0x1907,0x1907,0x2923,
  0x2923,0x2923,0x2923,0x1907,0x1907,0x1907,0x1907,0x1907,0x2923,0xF81F,0xF81F,0xF81F,0xF81F,0xF81F,0xF81F,0xF81F,
  0xF81F,0xF81F,0xF81F,0x2923,0x1907,0x1907,0x1907,0x1907,0x1907,0x2923,0xF81F,0xF81F,0x2923,0x1907,0x1907,0x1907,
  0x1907,0x1907,0x2923,0xF81F,0xF81F,0xF81F,0xF81F,0xF81F,0xF81F,0xF81F,0xF81F,0xF81F,0xF81F,0x2923,0x1907,0x1907,
  0x1907,0x1907,0x2923,0x2923,0xF81F,0xF81F,0x2923,0x2923,0x1907,0x1907,0x1907,0x1907,0x2923,0xF81F,0xF81F,0xF81F,
  0xF81F,0xF81F,0xF81F,0xF81F,0xF81F,0xF81F,0xF81F,0x2923,0x2923,0x2923,0x2923,0x2923,0x2923,0xF81F,0xF81F,0xF81F,
  0xF81F,0x2923,0x2923,0x2923,0x2923,0x2923,0x2923,0xF81F,0xF81F,0xF81F,0xF81F,0xF81F
};
constexpr SpriteImg SPR_NINJA_HURT = { spr_ninja_hurt_px, 26, 30 };

static const uint16_t spr_ninja_dead_px[] = {
  0xF81F,0xF81F,0xF81F,0xF81F,0xF81F,0xF81F,0xF81F,0xF81F,0x2923,0x2923,0x2923,0xF81F,0xF81F,0xF81F,0xF81F,0xF81F,
  0xF81F,0xF81F,0xF81F,0xF81F,0xF81F,0xF81F,0x2923,0x2923,0x2923,0x2923,0xF81F,0x2923,0x2923,0x2923,0x2923,0x1907,
  0x2923,0x2923,0x2923,0x2923,0xF81F,0xF81F,0xF81F,0xF81F,0xF81F,0xF81F,0xF81F,0xF81F,0x2923,0xD9C6,0xD9C6,0x2923,
  0x2923,0x2923,0x1907,0x1907,0x1907,0x1907,0x1907,0x1907,0x1907,0x2923,0x2923,0xF81F,0xF81F,0xF81F,0xF81F,0xF81F,
  0xF81F,0xF81F,0x2923,0x2923,0x2923,0xD9C6,0xD9C6,0x2923,0x2923,0x1907,0x1907,0x1907,0x1907,0x1907,0x1907,0x1907,
  0x2923,0xF81F,0xF81F,0xF81F,0xF81F,0xF81F,0xF81F,0xF81F,0xF81F,0xF81F,0x2923,0x2923,0x2923,0xD9C6,0x2923,0x1907,
  0x1907,0x1907,0x1907,0x1907,0x1907,0x1907,0x2923,0xF81F,0xF81F,0xF81F,0xF81F,0xF81F,0xF81F,0xF81F,0xF81F,0xF81F,
  0xF81F,0x2923,0x2923,0x2923,0x2923,0x1907,0x1907,0x1907,0x1907,0x1907,0x1907,0x1907,0x2923,0x2923,0xF81F,0xF81F,
  0xF81F,0xF81F,0xF81F,0xF81F,0x2923,0x2923,0x2923,0x2923,0xD9C6,0xD9C6,0xD9C6,0xD9C6,0xD9C6,0xD9C6,0xD9C6,0xD9C6,
  0xD9C6,0x1907,0x1907,0x2923,0xF81F,0xF81F,0xF81F,0xF81F,0xF81F,0xF81F,0x2923,0xD9C6,0xD9C6,0xD9C6,0x2923,0xD9C6,
  0xD9C6,0xD9C6,0xD9C6,0xD9C6,0xD9C6,0xD9C6,0xD9C6,0x1907,0x2923,0x2923,0xF81F,0xF81F,0xF81F,0x2923,0x2923,0x2923,
  0x2923,0x2923,0x2923,0x2923,0x2923,0x1907,0x1907,0x1907,0x1907,0x1907,0x1907,0x1907,0x1907,0x1907,0x2923,0x2923,
  0x2923,0x2923,0x2923,0x2923,0x6B8F,0x2923,0xF81F,0xF81F,0xF81F,0xF81F,0x2923,0x1907,0x1907,0x1907,0x1907,0x1907,
  0x1907,0x1907,0x1907,0x1907,0x2923,0x29AB,0x29AB,0x2923,0x2923,0x6B8F,0x2923,0x2923,0xF81F,0xF81F,0xF81F,0xF81F,
  0x2923,0x2923,0x1907,0x1907,0x1907,0x1907,0x1907,0x1907,0x1907,0x2923,0x2923,0x29AB,0x2923,0xFE87,0xFE87,0xFE87,
  0x2923,0xF81F,0xF81F,0xF81F,0xF81F,0xF81F,0xF81F,0x2923,0x2923,0x2923,0x2923,0x1907,0x2923,0x2923,0x2923,0x2923,
  0x29AB,0x2923,0x2923,0xFE87,0xFE87,0xFE87,0xF81F,0xF81F,0xF81F,0xF81F,0xF81F,0xF81F,0x2923,0x2923,0x29AB,0x29AB,
  0x2923,0x2923,0x2923,0x29AB,0x29AB,0x29AB,0x29AB,0x2923,0x6B8F,0x2923,0x2923,0x2923,0x2923,0xF81F,0xF81F,0xF81F,
  0xF81F,0xF81F,0x2923,0x29AB,0x29AB,0x29AB,0x29AB,0x29AB,0x29AB,0x29AB,0x29AB,0x29AB,0x2923,0x2923,0x6B8F,0x2923,
  0x29AB,0x29AB,0x2923,0xF81F,0xF81F,0xF81F,0xF81F,0xF81F,0x2923,0x2923,0x29AB,0x2923,0x2923,0x2923,0x2923,0x29AB,
  0x29AB,0x2923,0x2923,0x6B8F,0x2923,0x2923,0x29AB,0x2923,0x2923,0xF81F,0xF81F,0xF81F,0xF81F,0xF81F,0x2923,0x2923,
  0x2923,0x2923,0x29AB,0x29AB,0x2923,0x2923,0x2923,0x2923,0x6B8F,0x2923,0x2923,0x29AB,0x29AB,0x2923,0xF81F,0xF81F,
  0xF81F,0xF81F,0x2923,0x2923,0x2923,0x29AB,0x29AB,0x29AB,0x29AB,0x29AB,0x29AB,0x2923,0x2923,0x6B8F,0x2923,0x2923,
  0x29AB,0x29AB,0x2923,0x2923,0xF81F,0xF81F,0xF81F,0xF81F,0x2923,0x29AB,0x29AB,0x29AB,0x29AB,0x29AB,0x29AB,0x29AB,
  0x29AB,0x2923,0x6B8F,0x2923,0x2923,0x29AB,0x29AB,0x2923,0x2923,0xF81F,0xF81F,0xF81F,0xF81F,0xF81F,0x2923,0x29AB,
  0x29AB,0x29AB,0x29AB,0x29AB,0x29AB,0x29AB,0x29AB,0x2923,0x2923,0x2923,0x2923,0x2923,0x2923,0x2923,0xF81F,0xF81F,
  0xF81F,0xF81F,0xF81F,0xF81F,0x2923,0x29AB,0x29AB,0x29AB,0x29AB,0x29AB,0x29AB,0x29AB,0x29AB,0x29AB,0x29AB,0x29AB,
  0x29AB,0x29AB,0x2923,0x2923,0x2923,0x2923,0x2923,0xF81F,0xF81F,0xF81F,0x2923,0x29AB,0x29AB,0x29AB,0x29AB,0x29AB,
  0x29AB,0x29AB,0x29AB,0x29AB,0x29AB,0x29AB,0x29AB,0x29AB,0x29AB,0x29AB,0x29AB,0x29AB,0x2923,0xF81F,0xF81F,0xF81F,
  0x2923,0x29AB,0x29AB,0x29AB,0x29AB,0x29AB,0x29AB,0x29AB,0x29AB,0x29AB,0x29AB,0x29AB,0x29AB,0x29AB,0x29AB,0x29AB,
  0x29AB,0x29AB,0x2923,0xF81F,0xF81F,0xF81F,0x2923,0x29AB,0x29AB,0x29AB,0x29AB,0x29AB,0x29AB,0x29AB,0x29AB,0x29AB,
  0x29AB,0x29AB,0x29AB,0x29AB,0x29AB,0x29AB,0x29AB,0x29AB,0x2923,0xF81F,0xF81F,0xF81F,0x2923,0x2923,0x2923,0x2923,
  0x2923,0x2923,0x2923,0x2923,0x2923,0x2923,0x2923,0x2923,0x2923,0x2923,0x2923,0x2923,0x2923,0x2923,0x2923,0xF81F
};
constexpr SpriteImg SPR_NINJA_DEAD = { spr_ninja_dead_px, 22, 24 };

static const uint16_t spr_demon_a_px[] = {
  0xF81F,0xF81F,0xF81F,0xF81F,0xF81F,0x2923,0x2923,0x2923,0x2923,0xF81F,0xF81F,0xF81F,0xF81F,0xF81F,0x2923,0x2923,
  0x2923,0x2923,0xF81F,0xF81F,0xF81F,0xF81F,0xF81F,0xF81F,0xF81F,0xF81F,0xF81F,0xF81F,0x2923,0xFFFF,0xFFFF,0x2923,
  0xF81F,0x2923,0x2923,0x2923,0xF81F,0x2923,0xFFFF,0xFFFF,0x2923,0xF81F,0xF81F,0xF81F,0xF81F,0xF81F,0xF81F,0xF81F,
  0xF81F,0xF81F,0xF81F,0x2923,0xFFFF,0xFFFF,0x2923,0x2923,0x2923,0xC9E6,0x2923,0x2923,0x2923,0xFFFF,0xFFFF,0x2923,
  0xF81F,0xF81F,0xF81F,0xF81F,0xF81F,0xF81F,0xF81F,0xF81F,0xF81F,0xF81F,0x2923,0xFFFF,0x2923,0x2923,0xC9E6,0xC9E6,
  0xC9E6,0xC9E6,0xC9E6,0x2923,0x2923,0xFFFF,0x2923,0xF81F,0xF81F,0xF81F,0xF81F,0xF81F,0xF81F,0xF81F,0xF81F,0xF81F,
  0x2923,0x2923,0x2923,0x2923,0xC9E6,0xC9E6,0xC9E6,0xC9E6,0xC9E6,0xC9E6,0xC9E6,0x2923,0x2923,0x2923,0x2923,0xF81F,
  0xF81F,0xF81F,0xF81F,0xF81F,0xF81F,0xF81F,0xF81F,0x2923,0xC9E6,0xC9E6,0xC9E6,0xC9E6,0xC9E6,0xC9E6,0xC9E6,0xC9E6,
  0xC9E6,0xC9E6,0xC9E6,0xC9E6,0xC9E6,0x2923,0xF81F,0xF81F,0xF81F,0xF81F,0xF81F,0xF81F,0xF81F,0xF81F,0x2923,0xC9E6,
  0x2923,0xC9E6,0xC9E6,0xC9E6,0xC9E6,0xC9E6,0xC9E6,0xC9E6,0xC9E6,0xC9E6,0x2923,0xC9E6,0x2923,0xF81F,0xF81F,0xF81F,
  0xF81F,0xF81F,0xF81F,0xF81F,0x2923,0x2923,0x2923,0x2923,0x2923,0x2923,0xC9E6,0xC9E6,0xC9E6,0xC9E6,0xC9E6,0x2923,
  0x2923,0x2923,0x2923,0x2923,0x2923,0xF81F,0xF81F,0xF81F,0xF81F,0xF81F,0x2923,0x2923,0xC9E6,0xC9E6,0xC9E6,0x2923,
  0xFFFF,0x2923,0xC9E6,0xC9E6,0xC9E6,0x2923,0xFFFF,0x2923,0xC9E6,0xC9E6,0xC9E6,0x2923,0x2923,0xF81F,0xF81F,0xF81F,
  0x2923,0x2923,0xC9E6,0xC9E6,0xC9E6,0xC9E6,0x2923,0xC9E6,0xC9E6,0xC9E6,0x8903,0xC9E6,0xC9E6,0xC9E6,0x2923,0xC9E6,
  0xC9E6,0xC9E6,0xC9E6,0x2923,0x2923,0xF81F,0x2923,0x2923,0xC9E6,0xC9E6,0xC9E6,0xC9E6,0xC9E6,0x2923,0x8903,0x8903,
  0x8903,0x8903,0x8903,0x8903,0x8903,0x2923,0xC9E6,0xC9E6,0xC9E6,0xC9E6,0xC9E6,0x2923,0x2923,0x2923,0xC9E6,0xC9E6,
  0xC9E6,0xC9E6,0xC9E6,0x2923,0x8903,0x8903,0x8903,0x8903,0x8903,0x8903,0x8903,0x8903,0x8903,0x2923,0xC9E6,0xC9E6,
  0xC9E6,0xC9E6,0xC9E6,0x2923,0x2923,0xC9E6,0xC9E6,0xC9E6,0xC9E6,0x2923,0x2923,0x8903,0x8903,0x8903,0x8903,0x8903,
  0x8903,0x8903,0x8903,0x8903,0x2923,0x2923,0xC9E6,0xC9E6,0xC9E6,0xC9E6,0x2923,0x2923,0xC9E6,0xC9E6,0xC9E6,0x2923,
  0x2923,0x2923,0x8903,0x8903,0x8903,0x2923,0x8903,0x2923,0x8903,0x8903,0x8903,0x2923,0x2923,0x2923,0xC9E6,0xC9E6,
  0xC9E6,0x2923,0x2923,0x2923,0x2923,0x2923,0x2923,0x2923,0x8903,0x8903,0x8903,0x8903,0x2923,0xC9E6,0x2923,0x8903,
  0x8903,0x8903,0x8903,0x2923,0x2923,0x2923,0x2923,0x2923,0x2923,0xF81F,0xF81F,0xF81F,0xF81F,0xF81F,0x2923,0x8903,
  0x8903,0x8903,0x8903,0x2923,0x2923,0x2923,0x8903,0x8903,0x8903,0x8903,0x2923,0xF81F,0xF81F,0xF81F,0xF81F,0xF81F,
  0xF81F,0xF81F,0xF81F,0xF81F,0xF81F,0x2923,0x8903,0x8903,0x8903,0x2923,0x2923,0xF81F,0x2923,0x2923,0x8903,0x8903,
  0x8903,0x2923,0xF81F,0xF81F,0xF81F,0xF81F,0xF81F,0xF81F,0xF81F,0xF81F,0xF81F,0xF81F,0x2923,0x2923,0x2923,0x2923,
  0x2923,0xF81F,0xF81F,0xF81F,0x2923,0x2923,0x2923,0x2923,0x2923,0xF81F,0xF81F,0xF81F,0xF81F,0xF81F
};
constexpr SpriteImg SPR_DEMON_A = { spr_demon_a_px, 23, 18 };

static const uint16_t spr_demon_b_px[] = {
  0xF81F,0xF81F,0xF81F,0xF81F,0xF81F,0x2923,0x2923,0x2923,0x2923,0xF81F,0xF81F,0xF81F,0xF81F,0xF81F,0x2923,0x2923,
  0x2923,0x2923,0xF81F,0xF81F,0xF81F,0xF81F,0xF81F,0xF81F,0xF81F,0xF81F,0xF81F,0xF81F,0x2923,0xFFFF,0xFFFF,0x2923,
  0xF81F,0x2923,0x2923,0x2923,0xF81F,0x2923,0xFFFF,0xFFFF,0x2923,0xF81F,0xF81F,0xF81F,0xF81F,0xF81F,0xF81F,0xF81F,
  0xF81F,0xF81F,0xF81F,0x2923,0xFFFF,0xFFFF,0x2923,0x2923,0x2923,0xC9E6,0x2923,0x2923,0x2923,0xFFFF,0xFFFF,0x2923,
  0xF81F,0xF81F,0xF81F,0xF81F,0xF81F,0xF81F,0xF81F,0xF81F,0xF81F,0xF81F,0x2923,0xFFFF,0x2923,0x2923,0xC9E6,0xC9E6,
  0xC9E6,0xC9E6,0xC9E6,0x2923,0x2923,0xFFFF,0x2923,0xF81F,0xF81F,0xF81F,0xF81F,0xF81F,0x2923,0x2923,0x2923,0x2923,
  0x2923,0x2923,0x2923,0x2923,0xC9E6,0xC9E6,0xC9E6,0xC9E6,0xC9E6,0xC9E6,0xC9E6,0x2923,0x2923,0x2923,0x2923,0x2923,
  0x2923,0x2923,0x2923,0x2923,0xC9E6,0xC9E6,0xC9E6,0x2923,0x2923,0xC9E6,0xC9E6,0xC9E6,0xC9E6,0xC9E6,0xC9E6,0xC9E6,
  0xC9E6,0xC9E6,0xC9E6,0xC9E6,0x2923,0x2923,0xC9E6,0xC9E6,0xC9E6,0x2923,0x2923,0xC9E6,0xC9E6,0xC9E6,0xC9E6,0x2923,
  0x2923,0xC9E6,0xC9E6,0xC9E6,0xC9E6,0xC9E6,0xC9E6,0xC9E6,0xC9E6,0xC9E6,0x2923,0x2923,0xC9E6,0xC9E6,0xC9E6,0xC9E6,
  0x2923,0x2923,0xC9E6,0xC9E6,0xC9E6,0xC9E6,0xC9E6,0x2923,0x2923,0x2923,0xC9E6,0xC9E6,0xC9E6,0xC9E6,0xC9E6,0x2923,
  0x2923,0x2923,0xC9E6,0xC9E6,0xC9E6,0xC9E6,0xC9E6,0x2923,0x2923,0x2923,0xC9E6,0xC9E6,0xC9E6,0xC9E6,0xC9E6,0x2923,
  0xFFFF,0x2923,0xC9E6,0xC9E6,0xC9E6,0x2923,0xFFFF,0x2923,0xC9E6,0xC9E6,0xC9E6,0xC9E6,0xC9E6,0x2923,0x2923,0xF81F,
  0x2923,0x2923,0xC9E6,0xC9E6,0xC9E6,0xC9E6,0x2923,0xC9E6,0xC9E6,0xC9E6,0x8903,0xC9E6,0xC9E6,0xC9E6,0x2923,0xC9E6,
  0xC9E6,0xC9E6,0xC9E6,0x2923,0x2923,0xF81F,0xF81F,0xF81F,0x2923,0x2923,0xC9E6,0xC9E6,0xC9E6,0x2923,0x8903,0x8903,
  0x8903,0x8903,0x8903,0x8903,0x8903,0x2923,0xC9E6,0xC9E6,0xC9E6,0x2923,0x2923,0xF81F,0xF81F,0xF81F,0xF81F,0xF81F,
  0x2923,0x2923,0x2923,0x2923,0x8903,0x8903,0x8903,0x8903,0x8903,0x8903,0x8903,0x8903,0x8903,0x2923,0x2923,0x2923,
  0x2923,0xF81F,0xF81F,0xF81F,0xF81F,0xF81F,0xF81F,0xF81F,0x2923,0x2923,0x2923,0x8903,0x8903,0x8903,0x8903,0x8903,
  0x8903,0x8903,0x8903,0x8903,0x2923,0x2923,0x2923,0xF81F,0xF81F,0xF81F,0xF81F,0xF81F,0xF81F,0xF81F,0xF81F,0xF81F,
  0x2923,0x2923,0x8903,0x8903,0x8903,0x2923,0x8903,0x2923,0x8903,0x8903,0x8903,0x2923,0x2923,0xF81F,0xF81F,0xF81F,
  0xF81F,0xF81F,0xF81F,0xF81F,0xF81F,0xF81F,0x2923,0x2923,0x8903,0x8903,0x8903,0x8903,0x2923,0xC9E6,0x2923,0x8903,
  0x8903,0x8903,0x8903,0x2923,0x2923,0xF81F,0xF81F,0xF81F,0xF81F,0xF81F,0xF81F,0xF81F,0x2923,0x2923,0x8903,0x8903,
  0x8903,0x8903,0x8903,0x2923,0x2923,0x2923,0x8903,0x8903,0x8903,0x8903,0x8903,0x2923,0x2923,0xF81F,0xF81F,0xF81F,
  0xF81F,0xF81F,0xF81F,0x2923,0x8903,0x8903,0x8903,0x8903,0x8903,0x2923,0x2923,0xF81F,0x2923,0x2923,0x8903,0x8903,
  0x8903,0x8903,0x8903,0x2923,0xF81F,0xF81F,0xF81F,0xF81F,0xF81F,0xF81F,0x2923,0x8903,0x8903,0x8903,0x8903,0x2923,
  0x2923,0xF81F,0xF81F,0xF81F,0x2923,0x2923,0x8903,0x8903,0x8903,0x8903,0x2923,0xF81F,0xF81F,0xF81F,0xF81F,0xF81F,
  0xF81F,0x2923,0x8903,0x8903,0x8903,0x2923,0x2923,0xF81F,0xF81F,0xF81F,0xF81F,0xF81F,0x2923,0x2923,0x8903,0x8903,
  0x8903,0x2923,0xF81F,0xF81F,0xF81F,0xF81F,0xF81F,0xF81F,0x2923,0x2923,0x2923,0x2923,0x2923,0xF81F,0xF81F,0xF81F,
  0xF81F,0xF81F,0xF81F,0xF81F,0x2923,0x2923,0x2923,0x2923,0x2923,0xF81F,0xF81F,0xF81F
};
constexpr SpriteImg SPR_DEMON_B = { spr_demon_b_px, 23, 20 };

static const uint16_t spr_rock_a_px[] = {
  0xF81F,0xF81F,0xF81F,0xF81F,0xF81F,0xF81F,0xF81F,0xF81F,0xF81F,0xF81F,0x2923,0x2923,0x2923,0xF81F,0xF81F,0xF81F,
  0xF81F,0xF81F,0xF81F,0xF81F,0xF81F,0xF81F,0xF81F,0xF81F,0xF81F,0xF81F,0xF81F,0xF81F,0xF81F,0x2923,0x2923,0x2923,
  0x2923,0x2923,0x93AA,0x2923,0x2923,0x2923,0x2923,0x2923,0xF81F,0xF81F,0xF81F,0xF81F,0xF81F,0xF81F,0xF81F,0xF81F,
  0xF81F,0xF81F,0x2923,0x2923,0x2923,0x93AA,0x93AA,0x93AA,0x93AA,0x93AA,0x93AA,0x93AA,0x93AA,0x93AA,0x2923,0x2923,
  0x2923,0xF81F,0xF81F,0xF81F,0xF81F,0xF81F,0xF81F,0xF81F,0x2923,0x2923,0x93AA,0x93AA,0x93AA,0x93AA,0x93AA,0x93AA,
  0x93AA,0x93AA,0x93AA,0x93AA,0x93AA,0x93AA,0x93AA,0x2923,0x2923,0xF81F,0xF81F,0xF81F,0xF81F,0xF81F,0x2923,0x2923,
  0x93AA,0x93AA,0x93AA,0x93AA,0x93AA,0x93AA,0x93AA,0x93AA,0x93AA,0x93AA,0x93AA,0x93AA,0x93AA,0x93AA,0x93AA,0x2923,
  0x2923,0xF81F,0xF81F,0xF81F,0xF81F,0x2923,0x93AA,0x93AA,0x6A66,0x93AA,0x93AA,0x93AA,0x93AA,0x93AA,0x93AA,0x93AA,
  0x93AA,0x93AA,0x93AA,0x93AA,0x93AA,0x93AA,0x93AA,0x2923,0xF81F,0xF81F,0xF81F,0x2923,0x2923,0x93AA,0x93AA,0x93AA,
  0x6A66,0x93AA,0x93AA,0x93AA,0x93AA,0x93AA,0x93AA,0x93AA,0x93AA,0x93AA,0x93AA,0x93AA,0x93AA,0x93AA,0x2923,0x2923,
  0xF81F,0xF81F,0x2923,0x93AA,0x93AA,0x93AA,0x93AA,0x93AA,0x6A66,0x93AA,0x93AA,0x93AA,0x93AA,0x93AA,0x93AA,0x93AA,
  0x93AA,0x93AA,0x93AA,0x93AA,0x93AA,0x93AA,0x2923,0xF81F,0xF81F,0x2923,0x93AA,0x93AA,0x93AA,0x93AA,0x93AA,0x93AA,
  0x6A66,0x93AA,0x93AA,0x93AA,0x93AA,0x93AA,0x93AA,0x93AA,0x93AA,0x93AA,0x93AA,0x93AA,0x93AA,0x2923,0xF81F,0xF81F,
  0x2923,0x93AA,0x93AA,0x93AA,0x93AA,0x93AA,0x93AA,0x93AA,0x6A66,0x93AA,0x93AA,0x93AA,0x93AA,0x93AA,0x93AA,0x93AA,
  0x93AA,0x93AA,0x93AA,0x93AA,0x2923,0xF81F,0x2923,0x2923,0x93AA,0x93AA,0x93AA,0x93AA,0x93AA,0x93AA,0x93AA,0x93AA,
  0x6A66,0x93AA,0x93AA,0x93AA,0x93AA,0x93AA,0x93AA,0x93AA,0x93AA,0x93AA,0x93AA,0x2923,0x2923,0x2923,0x93AA,0x93AA,
  0x93AA,0x93AA,0x93AA,0x93AA,0x93AA,0x93AA,0x6A66,0x93AA,0x6A66,0x6A66,0x93AA,0x93AA,0x93AA,0x93AA,0x93AA,0x93AA,
  0x93AA,0x93AA,0x93AA,0x2923,0x2923,0x2923,0x93AA,0x93AA,0x93AA,0x93AA,0x93AA,0x93AA,0x93AA,0x6A66,0x93AA,0x93AA,
  0x93AA,0x6A66,0x6A66,0x93AA,0x93AA,0x93AA,0x93AA,0x93AA,0x93AA,0x2923,0x2923,0xF81F,0x2923,0x93AA,0x93AA,0x93AA,
  0x93AA,0x93AA,0x93AA,0x6A66,0x93AA,0x93AA,0x93AA,0x93AA,0x93AA,0x93AA,0x6A66,0x6A66,0x93AA,0x93AA,0x93AA,0x93AA,
  0x2923,0xF81F,0xF81F,0x2923,0x93AA,0x93AA,0x93AA,0x93AA,0x93AA,0x93AA,0x6A66,0x93AA,0x93AA,0x93AA,0x93AA,0x93AA,
  0x93AA,0x93AA,0x93AA,0x93AA,0x93AA,0x93AA,0x93AA,0x2923,0xF81F,0xF81F,0x2923,0x93AA,0x93AA,0x93AA,0x93AA,0x93AA,
  0x6A66,0x93AA,0x93AA,0x93AA,0x93AA,0x93AA,0x93AA,0x93AA,0x93AA,0x93AA,0x93AA,0x93AA,0x93AA,0x93AA,0x2923,0xF81F,
  0xF81F,0x2923,0x2923,0x93AA,0x6A66,0x93AA,0x93AA,0x93AA,0x93AA,0x93AA,0x93AA,0x93AA,0x93AA,0x93AA,0x93AA,0x93AA,
  0x93AA,0x93AA,0x93AA,0x93AA,0x2923,0x2923,0xF81F,0xF81F,0xF81F,0x2923,0x93AA,0x93AA,0x6A66,0x6A66,0x93AA,0x93AA,
  0x93AA,0x93AA,0x93AA,0x93AA,0x93AA,0x93AA,0x93AA,0x93AA,0x93AA,0x93AA,0x93AA,0x2923,0xF81F,0xF81F,0xF81F,0xF81F,
  0x2923,0x2923,0x93AA,0x93AA,0x93AA,0x6A66,0x93AA,0x93AA,0x93AA,0x93AA,0x93AA,0x93AA,0x93AA,0x93AA,0x93AA,0x93AA,
  0x93AA,0x2923,0x2923,0xF81F,0xF81F,0xF81F,0xF81F,0xF81F,0x2923,0x2923,0x93AA,0x93AA,0x93AA,0x93AA,0x93AA,0x93AA,
  0x93AA,0x93AA,0x93AA,0x93AA,0x93AA,0x93AA,0x93AA,0x2923,0x2923,0xF81F,0xF81F,0xF81F,0xF81F,0xF81F,0xF81F,0xF81F,
  0x2923,0x2923,0x2923,0x93AA,0x93AA,0x93AA,0x93AA,0x93AA,0x93AA,0x93AA,0x93AA,0x93AA,0x2923,0x2923,0x2923,0xF81F,
  0xF81F,0xF81F,0xF81F,0xF81F,0xF81F,0xF81F,0xF81F,0xF81F,0xF81F,0x2923,0x2923,0x2923,0x2923,0x2923,0x93AA,0x2923,
  0x2923,0x2923,0x2923,0x2923,0xF81F,0xF81F,0xF81F,0xF81F,0xF81F,0xF81F,0xF81F,0xF81F,0xF81F,0xF81F,0xF81F,0xF81F,
  0xF81F,0xF81F,0xF81F,0xF81F,0x2923,0x2923,0x2923,0xF81F,0xF81F,0xF81F,0xF81F,0xF81F,0xF81F,0xF81F,0xF81F,0xF81F,
  0xF81F
};
constexpr SpriteImg SPR_ROCK_A = { spr_rock_a_px, 23, 23 };

static const uint16_t spr_rock_b_px[] = {
  0xF81F,0xF81F,0xF81F,0xF81F,0xF81F,0xF81F,0xF81F,0xF81F,0xF81F,0xF81F,0x2923,0x2923,0x2923,0xF81F,0xF81F,0xF81F,
  0xF81F,0xF81F,0xF81F,0xF81F,0xF81F,0xF81F,0xF81F,0xF81F,0xF81F,0xF81F,0xF81F,0xF81F,0xF81F,0x2923,0x2923,0x2923,
  0x2923,0x2923,0x93AA,0x2923,0x2923,0x2923,0x2923,0x2923,0xF81F,0xF81F,0xF81F,0xF81F,0xF81F,0xF81F,0xF81F,0xF81F,
  0xF81F,0xF81F,0x2923,0x2923,0x2923,0x93AA,0x93AA,0x93AA,0x93AA,0x93AA,0x93AA,0x93AA,0x93AA,0x93AA,0x2923,0x2923,
  0x2923,0xF81F,0xF81F,0xF81F,0xF81F,0xF81F,0xF81F,0xF81F,0x2923,0x2923,0x93AA,0x93AA,0x93AA,0x93AA,0x93AA,0x93AA,
  0x93AA,0x93AA,0x93AA,0x93AA,0x93AA,0x93AA,0x93AA,0x2923,0x2923,0xF81F,0xF81F,0xF81F,0xF81F,0xF81F,0x2923,0x2923,
  0x93AA,0x93AA,0x93AA,0x93AA,0x93AA,0x93AA,0x93AA,0x93AA,0x93AA,0x93AA,0x93AA,0x93AA,0x93AA,0x93AA,0x93AA,0x2923,
  0x2923,0xF81F,0xF81F,0xF81F,0xF81F,0x2923,0x93AA,0x93AA,0x93AA,0x93AA,0x93AA,0x93AA,0x93AA,0x93AA,0x93AA,0x93AA,
  0x93AA,0x93AA,0x93AA,0x93AA,0x6A66,0x93AA,0x93AA,0x2923,0xF81F,0xF81F,0xF81F,0x2923,0x2923,0x93AA,0x93AA,0x93AA,
  0x93AA,0x93AA,0x93AA,0x93AA,0x93AA,0x93AA,0x93AA,0x93AA,0x93AA,0x93AA,0x6A66,0x93AA,0x93AA,0x93AA,0x2923,0x2923,
  0xF81F,0xF81F,0x2923,0x93AA,0x93AA,0x93AA,0x93AA,0x93AA,0x93AA,0x93AA,0x93AA,0x93AA,0x93AA,0x93AA,0x93AA,0x93AA,
  0x6A66,0x93AA,0x93AA,0x93AA,0x93AA,0x93AA,0x2923,0xF81F,0xF81F,0x2923,0x93AA,0x93AA,0x93AA,0x93AA,0x93AA,0x93AA,
  0x93AA,0x93AA,0x93AA,0x93AA,0x93AA,0x93AA,0x6A66,0x93AA,0x93AA,0x93AA,0x93AA,0x93AA,0x93AA,0x2923,0xF81F,0xF81F,
  0x2923,0x93AA,0x93AA,0x93AA,0x93AA,0x93AA,0x93AA,0x93AA,0x93AA,0x93AA,0x93AA,0x93AA,0x6A66,0x93AA,0x93AA,0x93AA,
  0x93AA,0x93AA,0x93AA,0x93AA,0x2923,0xF81F,0x2923,0x2923,0x93AA,0x93AA,0x93AA,0x93AA,0x93AA,0x93AA,0x93AA,0x93AA,
  0x93AA,0x93AA,0x6A66,0x93AA,0x93AA,0x93AA,0x93AA,0x93AA,0x93AA,0x93AA,0x93AA,0x2923,0x2923,0x2923,0x93AA,0x93AA,
  0x93AA,0x93AA,0x93AA,0x93AA,0x93AA,0x93AA,0x93AA,0x6A66,0x6A66,0x93AA,0x6A66,0x93AA,0x93AA,0x93AA,0x93AA,0x93AA,
  0x93AA,0x93AA,0x93AA,0x2923,0x2923,0x2923,0x93AA,0x93AA,0x93AA,0x93AA,0x93AA,0x93AA,0x6A66,0x6A66,0x93AA,0x93AA,
  0x93AA,0x6A66,0x93AA,0x93AA,0x93AA,0x93AA,0x93AA,0x93AA,0x93AA,0x2923,0x2923,0xF81F,0x2923,0x93AA,0x93AA,0x93AA,
  0x93AA,0x6A66,0x6A66,0x93AA,0x93AA,0x93AA,0x93AA,0x93AA,0x93AA,0x6A66,0x93AA,0x93AA,0x93AA,0x93AA,0x93AA,0x93AA,
  0x2923,0xF81F,0xF81F,0x2923,0x93AA,0x93AA,0x93AA,0x93AA,0x93AA,0x93AA,0x93AA,0x93AA,0x93AA,0x93AA,0x93AA,0x93AA,
  0x6A66,0x93AA,0x93AA,0x93AA,0x93AA,0x93AA,0x93AA,0x2923,0xF81F,0xF81F,0x2923,0x93AA,0x93AA,0x93AA,0x93AA,0x93AA,
  0x93AA,0x93AA,0x93AA,0x93AA,0x93AA,0x93AA,0x93AA,0x93AA,0x6A66,0x93AA,0x93AA,0x93AA,0x93AA,0x93AA,0x2923,0xF81F,
  0xF81F,0x2923,0x2923,0x93AA,0x6A66,0x93AA,0x93AA,0x93AA,0x93AA,0x93AA,0x93AA,0x93AA,0x93AA,0x93AA,0x93AA,0x6A66,
  0x93AA,0x93AA,0x93AA,0x93AA,0x2923,0x2923,0xF81F,0xF81F,0xF81F,0x2923,0x93AA,0x93AA,0x6A66,0x6A66,0x93AA,0x93AA,
  0x93AA,0x93AA,0x93AA,0x93AA,0x93AA,0x93AA,0x93AA,0x93AA,0x93AA,0x93AA,0x93AA,0x2923,0xF81F,0xF81F,0xF81F,0xF81F,
  0x2923,0x2923,0x93AA,0x93AA,0x93AA,0x6A66,0x93AA,0x93AA,0x93AA,0x93AA,0x93AA,0x93AA,0x93AA,0x93AA,0x93AA,0x93AA,
  0x93AA,0x2923,0x2923,0xF81F,0xF81F,0xF81F,0xF81F,0xF81F,0x2923,0x2923,0x93AA,0x93AA,0x93AA,0x93AA,0x93AA,0x93AA,
  0x93AA,0x93AA,0x93AA,0x93AA,0x93AA,0x93AA,0x93AA,0x2923,0x2923,0xF81F,0xF81F,0xF81F,0xF81F,0xF81F,0xF81F,0xF81F,
  0x2923,0x2923,0x2923,0x93AA,0x93AA,0x93AA,0x93AA,0x93AA,0x93AA,0x93AA,0x93AA,0x93AA,0x2923,0x2923,0x2923,0xF81F,
  0xF81F,0xF81F,0xF81F,0xF81F,0xF81F,0xF81F,0xF81F,0xF81F,0xF81F,0x2923,0x2923,0x2923,0x2923,0x2923,0x93AA,0x2923,
  0x2923,0x2923,0x2923,0x2923,0xF81F,0xF81F,0xF81F,0xF81F,0xF81F,0xF81F,0xF81F,0xF81F,0xF81F,0xF81F,0xF81F,0xF81F,
  0xF81F,0xF81F,0xF81F,0xF81F,0x2923,0x2923,0x2923,0xF81F,0xF81F,0xF81F,0xF81F,0xF81F,0xF81F,0xF81F,0xF81F,0xF81F,
  0xF81F
};
constexpr SpriteImg SPR_ROCK_B = { spr_rock_b_px, 23, 23 };

static const uint16_t spr_rock_c_px[] = {
  0xF81F,0xF81F,0xF81F,0xF81F,0xF81F,0xF81F,0xF81F,0xF81F,0xF81F,0xF81F,0x2923,0x2923,0x2923,0xF81F,0xF81F,0xF81F,
  0xF81F,0xF81F,0xF81F,0xF81F,0xF81F,0xF81F,0xF81F,0xF81F,0xF81F,0xF81F,0xF81F,0xF81F,0xF81F,0x2923,0x2923,0x2923,
  0x2923,0x2923,0x93AA,0x2923,0x2923,0x2923,0x2923,0x2923,0xF81F,0xF81F,0xF81F,0xF81F,0xF81F,0xF81F,0xF81F,0xF81F,
  0xF81F,0xF81F,0x2923,0x2923,0x2923,0x93AA,0x93AA,0x93AA,0x93AA,0x93AA,0x93AA,0x93AA,0x93AA,0x93AA,0x2923,0x2923,
  0x2923,0xF81F,0xF81F,0xF81F,0xF81F,0xF81F,0xF81F,0xF81F,0x2923,0x2923,0x93AA,0x93AA,0x93AA,0x93AA,0x93AA,0x93AA,
  0x93AA,0x93AA,0x93AA,0x93AA,0x93AA,0x93AA,0x93AA,0x2923,0x2923,0xF81F,0xF81F,0xF81F,0xF81F,0xF81F,0x2923,0x2923,
  0x93AA,0x93AA,0x93AA,0x93AA,0x93AA,0x93AA,0x93AA,0x93AA,0x93AA,0x93AA,0x93AA,0x93AA,0x93AA,0x93AA,0x93AA,0x2923,
  0x2923,0xF81F,0xF81F,0xF81F,0xF81F,0x2923,0x93AA,0x93AA,0x93AA,0x93AA,0x93AA,0x93AA,0x93AA,0x93AA,0x93AA,0x93AA,
  0x93AA,0x93AA,0x93AA,0x93AA,0x93AA,0x93AA,0x93AA,0x2923,0xF81F,0xF81F,0xF81F,0x2923,0x2923,0x93AA,0x93AA,0x93AA,
  0x93AA,0x93AA,0x93AA,0x93AA,0x93AA,0x93AA,0x93AA,0x93AA,0x93AA,0x93AA,0x6A66,0x93AA,0x93AA,0x93AA,0x2923,0x2923,
  0xF81F,0xF81F,0x2923,0x93AA,0x93AA,0x93AA,0x93AA,0x93AA,0x93AA,0x93AA,0x93AA,0x93AA,0x93AA,0x93AA,0x93AA,0x93AA,
  0x6A66,0x93AA,0x93AA,0x93AA,0x93AA,0x93AA,0x2923,0xF81F,0xF81F,0x2923,0x93AA,0x93AA,0x93AA,0x93AA,0x93AA,0x93AA,
  0x93AA,0x93AA,0x93AA,0x93AA,0x93AA,0x93AA,0x6A66,0x93AA,0x93AA,0x93AA,0x93AA,0x93AA,0x93AA,0x2923,0xF81F,0xF81F,
  0x2923,0x93AA,0x93AA,0x93AA,0x93AA,0x93AA,0x93AA,0x93AA,0x93AA,0x93AA,0x93AA,0x93AA,0x6A66,0x93AA,0x93AA,0x93AA,
  0x93AA,0x93AA,0x93AA,0x93AA,0x2923,0xF81F,0x2923,0x2923,0x93AA,0x93AA,0x93AA,0x93AA,0x93AA,0x93AA,0x93AA,0x93AA,
  0x93AA,0x93AA,0x6A66,0x93AA,0x93AA,0x93AA,0x93AA,0x93AA,0x93AA,0x93AA,0x93AA,0x2923,0x2923,0x2923,0x93AA,0x93AA,
  0x93AA,0x93AA,0x93AA,0x93AA,0x93AA,0x93AA,0x93AA,0x93AA,0x6A66,0x93AA,0x93AA,0x93AA,0x93AA,0x93AA,0x93AA,0x93AA,
  0x93AA,0x93AA,0x93AA,0x2923,0x2923,0x2923,0x93AA,0x93AA,0x93AA,0x93AA,0x93AA,0x93AA,0x93AA,0x93AA,0x6A66,0x93AA,
  0x6A66,0x93AA,0x93AA,0x93AA,0x93AA,0x93AA,0x93AA,0x93AA,0x93AA,0x2923,0x2923,0xF81F,0x2923,0x93AA,0x93AA,0x93AA,
  0x93AA,0x93AA,0x93AA,0x6A66,0x6A66,0x93AA,0x93AA,0x93AA,0x6A66,0x93AA,0x93AA,0x93AA,0x93AA,0x93AA,0x93AA,0x93AA,
  0x2923,0xF81F,0xF81F,0x2923,0x93AA,0x93AA,0x93AA,0x93AA,0x93AA,0x6A66,0x93AA,0x93AA,0x93AA,0x93AA,0x93AA,0x93AA,
  0x6A66,0x93AA,0x93AA,0x93AA,0x93AA,0x93AA,0x93AA,0x2923,0xF81F,0xF81F,0x2923,0x93AA,0x93AA,0x93AA,0x93AA,0x6A66,
  0x93AA,0x93AA,0x93AA,0x93AA,0x93AA,0x93AA,0x93AA,0x93AA,0x6A66,0x93AA,0x93AA,0x93AA,0x93AA,0x93AA,0x2923,0xF81F,
  0xF81F,0x2923,0x2923,0x93AA,0x6A66,0x6A66,0x93AA,0x93AA,0x93AA,0x93AA,0x93AA,0x93AA,0x93AA,0x93AA,0x93AA,0x93AA,
  0x6A66,0x93AA,0x93AA,0x93AA,0x2923,0x2923,0xF81F,0xF81F,0xF81F,0x2923,0x93AA,0x93AA,0x6A66,0x6A66,0x93AA,0x93AA,
  0x93AA,0x93AA,0x93AA,0x93AA,0x93AA,0x93AA,0x93AA,0x93AA,0x93AA,0x93AA,0x93AA,0x2923,0xF81F,0xF81F,0xF81F,0xF81F,
  0x2923,0x2923,0x93AA,0x93AA,0x93AA,0x6A66,0x93AA,0x93AA,0x93AA,0x93AA,0x93AA,0x93AA,0x93AA,0x93AA,0x93AA,0x93AA,
  0x93AA,0x2923,0x2923,0xF81F,0xF81F,0xF81F,0xF81F,0xF81F,0x2923,0x2923,0x93AA,0x93AA,0x93AA,0x93AA,0x93AA,0x93AA,
  0x93AA,0x93AA,0x93AA,0x93AA,0x93AA,0x93AA,0x93AA,0x2923,0x2923,0xF81F,0xF81F,0xF81F,0xF81F,0xF81F,0xF81F,0xF81F,
  0x2923,0x2923,0x2923,0x93AA,0x93AA,0x93AA,0x93AA,0x93AA,0x93AA,0x93AA,0x93AA,0x93AA,0x2923,0x2923,0x2923,0xF81F,
  0xF81F,0xF81F,0xF81F,0xF81F,0xF81F,0xF81F,0xF81F,0xF81F,0xF81F,0x2923,0x2923,0x2923,0x2923,0x2923,0x93AA,0x2923,
  0x2923,0x2923,0x2923,0x2923,0xF81F,0xF81F,0xF81F,0xF81F,0xF81F,0xF81F,0xF81F,0xF81F,0xF81F,0xF81F,0xF81F,0xF81F,
  0xF81F,0xF81F,0xF81F,0xF81F,0x2923,0x2923,0x2923,0xF81F,0xF81F,0xF81F,0xF81F,0xF81F,0xF81F,0xF81F,0xF81F,0xF81F,
  0xF81F
};
constexpr SpriteImg SPR_ROCK_C = { spr_rock_c_px, 23, 23 };

static const uint16_t spr_bamboo_px[] = {
  0xF81F,0xF81F,0xF81F,0xF81F,0xF81F,0xF81F,0xF81F,0xF81F,0x2923,0x2923,0x2923,0xF81F,0xF81F,0xF81F,0xF81F,0xF81F,
  0xF81F,0xF81F,0xF81F,0xF81F,0xF81F,0xF81F,0xF81F,0xF81F,0xF81F,0xF81F,0xF81F,0xF81F,0xF81F,0xF81F,0xF81F,0xF81F,
  0xF81F,0xF81F,0xF81F,0xF81F,0xF81F,0xF81F,0xF81F,0xF81F,0xF81F,0xF81F,0xF81F,0xF81F,0xF81F,0xF81F,0xF81F,0xF81F,
  0xF81F,0xF81F,0xF81F,0xF81F,0xF81F,0xF81F,0xF81F,0xF81F,0xF81F,0xF81F,0xF81F,0xF81F,0xF81F,0xF81F,0xF81F,0xF81F,
  0xF81F,0xF81F,0xF81F,0xF81F,0xF81F,0xF81F,0xF81F,0xF81F,0xF81F,0xF81F,0xF81F,0xF81F,0xF81F,0xF81F,0xF81F,0xF81F,
  0xF81F,0xF81F,0xF81F,0xF81F,0xF81F,0xF81F,0xF81F,0xF81F,0xF81F,0xF81F,0xF81F,0xF81F,0xF81F,0xF81F,0xF81F,0xF81F,
  0xF81F,0xF81F,0x2923,0x6DC8,0x2923,0xF81F,0xF81F,0xF81F,0xF81F,0xF81F,0xF81F,0xF81F,0xF81F,0xF81F,0xF81F,0xF81F,
  0xF81F,0xF81F,0xF81F,0xF81F,0xF81F,0xF81F,0xF81F,0xF81F,0xF81F,0xF81F,0xF81F,0xF81F,0xF81F,0xF81F,0xF81F,0xF81F,
  0xF81F,0xF81F,0xF81F,0xF81F,0xF81F,0xF81F,0xF81F,0xF81F,0xF81F,0xF81F,0xF81F,0xF81F,0xF81F,0xF81F,0xF81F,0xF81F,
  0xF81F,0xF81F,0xF81F,0xF81F,0xF81F,0xF81F,0xF81F,0xF81F,0xF81F,0xF81F,0xF81F,0xF81F,0xF81F,0xF81F,0xF81F,0xF81F,
  0xF81F,0xF81F,0xF81F,0xF81F,0xF81F,0xF81F,0xF81F,0xF81F,0xF81F,0xF81F,0xF81F,0xF81F,0xF81F,0xF81F,0xF81F,0xF81F,
  0xF81F,0xF81F,0xF81F,0xF81F,0xF81F,0xF81F,0xF81F,0xF81F,0xF81F,0xF81F,0xF81F,0x2923,0x2923,0x6DC8,0x2923,0xF81F,
  0xF81F,0xF81F,0xF81F,0xF81F,0xF81F,0xF81F,0xF81F,0xF81F,0xF81F,0xF81F,0xF81F,0xF81F,0xF81F,0xF81F,0xF81F,0xF81F,
  0xF81F,0xF81F,0xF81F,0xF81F,0xF81F,0xF81F,0xF81F,0xF81F,0xF81F,0xF81F,0xF81F,0xF81F,0xF81F,0xF81F,0xF81F,0xF81F,
  0xF81F,0xF81F,0xF81F,0xF81F,0xF81F,0xF81F,0xF81F,0xF81F,0xF81F,0xF81F,0xF81F,0xF81F,0xF81F,0xF81F,0xF81F,0xF81F,
  0xF81F,0xF81F,0xF81F,0xF81F,0xF81F,0xF81F,0xF81F,0xF81F,0xF81F,0xF81F,0xF81F,0xF81F,0xF81F,0xF81F,0xF81F,0xF81F,
  0xF81F,0xF81F,0xF81F,0xF81F,0xF81F,0xF81F,0xF81F,0xF81F,0xF81F,0xF81F,0xF81F,0xF81F,0xF81F,0xF81F,0xF81F,0xF81F,
  0xF81F,0xF81F,0xF81F,0xF81F,0x2923,0x2923,0x6DC8,0x6DC8,0x2923,0x2923,0xF81F,0xF81F,0xF81F,0xF81F,0xF81F,0xF81F,
  0xF81F,0xF81F,0xF81F,0xF81F,0xF81F,0xF81F,0xF81F,0xF81F,0xF81F,0xF81F,0xF81F,0xF81F,0xF81F,0xF81F,0xF81F,0xF81F,
  0xF81F,0xF81F,0xF81F,0xF81F,0xF81F,0xF81F,0xF81F,0xF81F,0xF81F,0xF81F,0xF81F,0xF81F,0xF81F,0xF81F,0xF81F,0xF81F,
  0xF81F,0xF81F,0xF81F,0xF81F,0xF81F,0xF81F,0xF81F,0xF81F,0xF81F,0xF81F,0xF81F,0xF81F,0xF81F,0xF81F,0xF81F,0xF81F,
  0xF81F,0xF81F,0xF81F,0xF81F,0xF81F,0xF81F,0xF81F,0xF81F,0xF81F,0xF81F,0xF81F,0xF81F,0xF81F,0xF81F,0xF81F,0xF81F,
  0xF81F,0xF81F,0xF81F,0xF81F,0xF81F,0xF81F,0xF81F,0xF81F,0x2923,0x2923,0x2923,0x2923,0x2923,0x2923,0x2923,0x6DC8,
  0x6DC8,0x6DC8,0x6DC8,0x2923,0xF81F,0xF81F,0xF81F,0xF81F,0xF81F,0xF81F,0xF81F,0xF81F,0xF81F,0xF81F,0xF81F,0xF81F,
  0xF81F,0xF81F,0xF81F,0xF81F,0xF81F,0xF81F,0xF81F,0xF81F,0xF81F,0xF81F,0xF81F,0xF81F,0xF81F,0xF81F,0xF81F,0xF81F,
  0xF81F,0xF81F,0xF81F,0xF81F,0xF81F,0xF81F,0xF81F,0xF81F,0xF81F,0xF81F,0xF81F,0xF81F,0xF81F,0xF81F,0xF81F,0xF81F,
  0xF81F,0xF81F,0xF81F,0xF81F,0xF81F,0xF81F,0xF81F,0xF81F,0xF81F,0xF81F,0xF81F,0xF81F,0xF81F,0xF81F,0xF81F,0xF81F,
  0xF81F,0xF81F,0xF81F,0xF81F,0xF81F,0xF81F,0xF81F,0xF81F,0xF81F,0xF81F,0xF81F,0xF81F,0xF81F,0xF81F,0xF81F,0xF81F,
  0xF81F,0xF81F,0x2923,0x6DC8,0x6DC8,0x2923,0x2923,0x2923,0x2923,0x6DC8,0x6DC8,0x6DC8,0x6DC8,0x2923,0xF81F,0xF81F,
  0xF81F,0xF81F,0xF81F,0xF81F,0xF81F,0xF81F,0xF81F,0xF81F,0xF81F,0xF81F,0xF81F,0xF81F,0xF81F,0xF81F,0xF81F,0xF81F,
  0xF81F,0xF81F,0xF81F,0xF81F,0xF81F,0xF81F,0xF81F,0xF81F,0xF81F,0xF81F,0xF81F,0xF81F,0xF81F,0xF81F,0xF81F,0xF81F,
  0xF81F,0xF81F,0xF81F,0xF81F,0xF81F,0xF81F,0xF81F,0xF81F,0xF81F,0xF81F,0xF81F,0xF81F,0xF81F,0xF81F,0xF81F,0xF81F,
  0xF81F,0xF81F,0xF81F,0xF81F,0xF81F,0xF81F,0xF81F,0xF81F,0xF81F,0xF81F,0xF81F,0xF81F,0xF81F,0xF81F,0xF81F,0xF81F,
  0xF81F,0xF81F,0xF81F,0xF81F,0xF81F,0xF81F,0xF81F,0xF81F,0xF81F,0xF81F,0xF81F,0xF81F,0x2923,0x6DC8,0x6DC8,0x6DC8,
  0x6DC8,0x2923,0x2923,0x6DC8,0x6DC8,0x6DC8,0x6DC8,0x2923,0xF81F,0xF81F,0xF81F,0xF81F,0xF81F,0xF81F,0xF81F,0xF81F,
  0xF81F,0xF81F,0xF81F,0xF81F,0xF81F,0xF81F,0xF81F,0xF81F,0xF81F,0xF81F,0xF81F,0xF81F,0xF81F,0xF81F,0xF81F,0xF81F,
  0xF81F,0xF81F,0xF81F,0xF81F,0xF81F,0xF81F,0xF81F,0xF81F,0xF81F,0xF81F,0xF81F,0xF81F,0xF81F,0xF81F,0xF81F,0xF81F,
  0xF81F,0xF81F,0xF81F,0xF81F,0xF81F,0xF81F,0xF81F,0xF81F,0xF81F,0xF81F,0xF81F,0xF81F,0xF81F,0xF81F,0xF81F,0xF81F,
  0xF81F,0xF81F,0xF81F,0xF81F,0xF81F,0xF81F,0xF81F,0xF81F,0xF81F,0xF81F,0xF81F,0xF81F,0xF81F,0xF81F,0xF81F,0xF81F,
  0xF81F,0xF81F,0xF81F,0xF81F,0xF81F,0xF81F,0x2923,0x6DC8,0x6DC8,0x6DC8,0x6DC8,0x2923,0x2923,0x6DC8,0x6DC8,0x6DC8,
  0x6DC8,0x2923,0xF81F,0xF81F,0xF81F,0xF81F,0xF81F,0xF81F,0xF81F,0xF81F,0xF81F,0xF81F,0xF81F,0xF81F,0xF81F,0xF81F,
  0xF81F,0xF81F,0xF81F,0xF81F,0xF81F,0xF81F,0xF81F,0xF81F,0xF81F,0xF81F,0xF81F,0xF81F,0xF81F,0xF81F,0xF81F,0xF81F,
  0xF81F,0xF81F,0xF81F,0xF81F,0xF81F,0xF81F,0xF81F,0xF81F,0xF81F,0xF81F,0xF81F,0xF81F,0xF81F,0xF81F,0xF81F,0xF81F,
  0xF81F,0xF81F,0xF81F,0xF81F,0xF81F,0xF81F,0xF81F,0xF81F,0xF81F,0xF81F,0xF81F,0xF81F,0xF81F,0xF81F,0xF81F,0xF81F,
  0xF81F,0xF81F,0xF81F,0xF81F,0xF81F,0xF81F,0xF81F,0xF81F,0xF81F,0xF81F,0xF81F,0xF81F,0xF81F,0xF81F,0xF81F,0xF81F,
  0x2923,0x6DC8,0x6DC8,0x6DC8,0x6DC8,0x2923,0x2923,0x6DC8,0x6DC8,0x2923,0x2923,0x2923,0xF81F,0xF81F,0xF81F,0xF81F,
  0xF81F,0xF81F,0xF81F,0xF81F,0xF81F,0xF81F,0xF81F,0xF81F,0xF81F,0xF81F,0xF81F,0xF81F,0xF81F,0xF81F,0xF81F,0xF81F,
  0xF81F,0xF81F,0xF81F,0xF81F,0xF81F,0xF81F,0xF81F,0xF81F,0xF81F,0xF81F,0xF81F,0xF81F,0xF81F,0xF81F,0xF81F,0xF81F,
  0xF81F,0xF81F,0xF81F,0xF81F,0xF81F,0xF81F,0xF81F,0xF81F,0xF81F,0xF81F,0xF81F,0xF81F,0xF81F,0xF81F,0xF81F,0xF81F,
  0xF81F,0xF81F,0xF81F,0xF81F,0xF81F,0xF81F,0xF81F,0xF81F,0xF81F,0xF81F,0xF81F,0xF81F,0xF81F,0xF81F,0xF81F,0xF81F,
  0xF81F,0xF81F,0xF81F,0xF81F,0xF81F,0xF81F,0xF81F,0xF81F,0xF81F,0xF81F,0x2923,0x6DC8,0x6DC8,0x6DC8,0x6DC8,0x2923,
  0x2923,0x6DC8,0x2923,0x2923,0xF81F,0xF81F,0xF81F,0xF81F,0xF81F,0xF81F,0xF81F,0xF81F,0xF81F,0xF81F,0xF81F,0xF81F,
  0xF81F,0xF81F,0xF81F,0xF81F,0xF81F,0xF81F,0xF81F,0xF81F,0xF81F,0xF81F,0xF81F,0xF81F,0xF81F,0xF81F,0xF81F,0xF81F,
  0xF81F,0xF81F,0xF81F,0xF81F,0xF81F,0xF81F,0xF81F,0xF81F,0xF81F,0xF81F,0xF81F,0xF81F,0xF81F,0xF81F,0xF81F,0xF81F,
  0xF81F,0xF81F,0xF81F,0xF81F,0xF81F,0xF81F,0xF81F,0xF81F,0xF81F,0xF81F,0xF81F,0xF81F,0xF81F,0xF81F,0xF81F,0xF81F,
  0xF81F,0xF81F,0xF81F,0xF81F,0xF81F,0xF81F,0xF81F,0xF81F,0xF81F,0xF81F,0xF81F,0xF81F,0xF81F,0xF81F,0xF81F,0xF81F,
  0xF81F,0xF81F,0xF81F,0xF81F,0x2923,0x2923,0x2923,0x6DC8,0x6DC8,0x2923,0x2923,0x2923,0x2923,0xF81F,0xF81F,0xF81F,
  0xF81F,0xF81F,0x2923,0x2923,0x2923,0x2923,0x2923,0xF81F,0xF81F,0xF81F,0xF81F,0xF81F,0xF81F,0xF81F,0xF81F,0xF81F,
  0xF81F,0xF81F,0xF81F,0xF81F,0x2923,0x2923,0x2923,0x2923,0x2923,0xF81F,0xF81F,0xF81F,0xF81F,0xF81F,0xF81F,0xF81F,
  0xF81F,0xF81F,0xF81F,0xF81F,0xF81F,0xF81F,0x2923,0x2923,0x2923,0x2923,0x2923,0xF81F,0xF81F,0xF81F,0xF81F,0xF81F,
  0xF81F,0xF81F,0xF81F,0xF81F,0xF81F,0xF81F,0xF81F,0xF81F,0x2923,0x2923,0x2923,0x2923,0x2923,0xF81F,0xF81F,0xF81F,
  0xF81F,0xF81F,0xF81F,0xF81F,0xF81F,0xF81F,0xF81F,0xF81F,0xF81F,0xF81F,0xF81F,0xF81F,0xF81F,0xF81F,0x2923,0x2923,
  0x2923,0x2923,0x2923,0x2923,0x2923,0x4405,0x2923,0x2923,0x2923,0x2923,0x2923,0x2923,0x2923,0x4405,0x4405,0x4405,
  0x2923,0x2923,0x2923,0x2923,0x2923,0x2923,0x2923,0x2923,0x2923,0x2923,0x2923,0x2923,0x2923,0x2923,0x2923,0x4405,
  0x4405,0x4405,0x2923,0x2923,0x2923,0x2923,0x2923,0x2923,0x2923,0x2923,0x2923,0x2923,0x2923,0x2923,0x2923,0x2923,
  0x2923,0x4405,0x4405,0x4405,0x2923,0x2923,0x2923,0x2923,0x2923,0x2923,0x2923,0x2923,0x2923,0x2923,0x2923,0x2923,
  0x2923,0x2923,0x2923,0x4405,0x4405,0x4405,0x2923,0x2923,0x2923,0x2923,0x2923,0x2923,0x2923,0x2923,0x2923,0x2923,
  0x2923,0x2923,0x2923,0x2923,0x2923,0x2923,0x2923,0x2923,0x2923,0x2923,0x4405,0x4405,0x4405,0x2923,0x2923,0x2923,
  0x2923,0x6DC8,0x6DC8,0x6DC8,0x6DC8,0x6DC8,0x2923,0x4405,0x6DC8,0x4405,0x2923,0x6DC8,0x6DC8,0x6DC8,0x6DC8,0x6DC8,
  0x6DC8,0x6DC8,0x6DC8,0x6DC8,0x6DC8,0x6DC8,0x6DC8,0x6DC8,0x2923,0x4405,0x6DC8,0x4405,0x2923,0x6DC8,0x6DC8,0x6DC8,
  0x6DC8,0x6DC8,0x6DC8,0x6DC8,0x6DC8,0x6DC8,0x6DC8,0x6DC8,0x6DC8,0x6DC8,0x2923,0x4405,0x6DC8,0x4405,0x2923,0x6DC8,
  0x6DC8,0x6DC8,0x6DC8,0x6DC8,0x6DC8,0x6DC8,0x6DC8,0x6DC8,0x6DC8,0x6DC8,0x6DC8,0x6DC8,0x2923,0x4405,0x6DC8,0x4405,
  0x2923,0x6DC8,0x6DC8,0x6DC8,0x6DC8,0x6DC8,0x6DC8,0x6DC8,0x6DC8,0x6DC8,0x6DC8,0x6DC8,0x6DC8,0x6DC8,0x6DC8,0x6DC8,
  0x6DC8,0x2923,0x2923,0x4405,0x4405,0x4405,0x4405,0x4405,0x2923,0x6DC8,0x6DC8,0x6DC8,0x6DC8,0x6DC8,0x6DC8,0x6DC8,
  0x2923,0x4405,0x6DC8,0x4405,0x2923,0x6DC8,0x6DC8,0x6DC8,0x6DC8,0x6DC8,0x6DC8,0x6DC8,0x6DC8,0x6DC8,0x6DC8,0x6DC8,
  0x6DC8,0x6DC8,0x2923,0x4405,0x6DC8,0x4405,0x2923,0x6DC8,0x6DC8,0x6DC8,0x6DC8,0x6DC8,0x6DC8,0x6DC8,0x6DC8,0x6DC8,
  0x6DC8,0x6DC8,0x6DC8,0x6DC8,0x2923,0x4405,0x6DC8,0x4405,0x2923,0x6DC8,0x6DC8,0x6DC8,0x6DC8,0x6DC8,0x6DC8,0x6DC8,
  0x6DC8,0x6DC8,0x6DC8,0x6DC8,0x6DC8,0x6DC8,0x2923,0x4405,0x6DC8,0x4405,0x2923,0x6DC8,0x6DC8,0x6DC8,0x6DC8,0x6DC8,
  0x6DC8,0x6DC8,0x6DC8,0x6DC8,0x6DC8,0x6DC8,0x6DC8,0x6DC8,0x6DC8,0x6DC8,0x6DC8,0x2923,0x2923,0x4405,0x4405,0xFE87,
  0x4405,0x4405,0x2923,0x6DC8,0x6DC8,0x6DC8,0x6DC8,0x6DC8,0x6DC8,0x6DC8,0x2923,0x4405,0x6DC8,0x4405,0x2923,0x6DC8,
  0x6DC8,0x6DC8,0x6DC8,0x6DC8,0x6DC8,0x6DC8,0x6DC8,0x6DC8,0x6DC8,0x6DC8,0x6DC8,0x6DC8,0x2923,0x4405,0x6DC8,0x4405,
  0x2923,0x6DC8,0x6DC8,0x6DC8,0x6DC8,0x6DC8,0x6DC8,0x6DC8,0x6DC8,0x6DC8,0x6DC8,0x6DC8,0x6DC8,0x6DC8,0x2923,0x4405,
  0x6DC8,0x4405,0x2923,0x6DC8,0x6DC8,0x6DC8,0x6DC8,0x6DC8,0x6DC8,0x6DC8,0x6DC8,0x6DC8,0x6DC8,0x6DC8,0x6DC8,0x6DC8,
  0x2923,0x4405,0x6DC8,0x4405,0x2923,0x6DC8,0x6DC8,0x6DC8,0x6DC8,0x6DC8,0x6DC8,0x6DC8,0x6DC8,0x6DC8,0x6DC8,0x6DC8,
  0x6DC8,0x6DC8,0x6DC8,0x6DC8,0x6DC8,0x2923,0x2923,0x4405,0x4405,0xFE87,0x4405,0x4405,0x2923,0x6DC8,0x6DC8,0x6DC8,
  0x6DC8,0x6DC8,0x6DC8,0x6DC8,0x2923,0x4405,0x6DC8,0x4405,0x2923,0x6DC8,0x6DC8,0x6DC8,0x6DC8,0x6DC8,0x6DC8,0x6DC8,
  0x6DC8,0x6DC8,0x6DC8,0x6DC8,0x6DC8,0x6DC8,0x2923,0x4405,0x6DC8,0x4405,0x2923,0x6DC8,0x6DC8,0x6DC8,0x6DC8,0x6DC8,
  0x6DC8,0x6DC8,0x6DC8,0x6DC8,0x6DC8,0x6DC8,0x6DC8,0x6DC8,0x2923,0x4405,0x6DC8,0x4405,0x2923,0x6DC8,0x6DC8,0x6DC8,
  0x6DC8,0x6DC8,0x6DC8,0x6DC8,0x6DC8,0x6DC8,0x6DC8,0x6DC8,0x6DC8,0x6DC8,0x2923,0x4405,0x6DC8,0x4405,0x2923,0x6DC8,
  0x6DC8,0x6DC8,0x6DC8,0x6DC8,0x6DC8,0x6DC8,0x6DC8,0x6DC8,0x6DC8,0x6DC8,0x6DC8,0x6DC8,0x6DC8,0x6DC8,0x6DC8,0x2923,
  0x2923,0x4405,0x4405,0xFE87,0x4405,0x4405,0x2923,0x6DC8,0x6DC8,0x6DC8,0x6DC8,0x6DC8,0x6DC8,0x6DC8,0x2923,0x4405,
  0x6DC8,0x4405,0x2923,0x6DC8,0x6DC8,0x6DC8,0x6DC8,0x6DC8,0x6DC8,0x6DC8,0x6DC8,0x6DC8,0x6DC8,0x6DC8,0x6DC8,0x6DC8,
  0x2923,0x4405,0x6DC8,0x4405,0x2923,0x6DC8,0x6DC8,0x6DC8,0x6DC8,0x6DC8,0x6DC8,0x6DC8,0x6DC8,0x6DC8,0x6DC8,0x6DC8,
  0x6DC8,0x6DC8,0x2923,0x4405,0x6DC8,0x4405,0x2923,0x6DC8,0x6DC8,0x6DC8,0x6DC8,0x6DC8,0x6DC8,0x6DC8,0x6DC8,0x6DC8,
  0x6DC8,0x6DC8,0x6DC8,0x6DC8,0x2923,0x4405,0x6DC8,0x4405,0x2923,0x6DC8,0x6DC8,0x6DC8,0x6DC8,0x6DC8,0x6DC8,0x6DC8,
  0x6DC8,0x6DC8,0x6DC8,0x6DC8,0x6DC8,0x6DC8,0x6DC8,0x6DC8,0x6DC8,0x2923,0x2923,0x4405,0x4405,0xFE87,0x4405,0x4405,
  0x2923,0x4405,0x4405,0x4405,0x4405,0x4405,0x4405,0x4405,0x2923,0x4405,0x6DC8,0x4405,0x2923,0x4405,0x4405,0x4405,
  0x4405,0x4405,0x4405,0x4405,0x4405,0x4405,0x4405,0x4405,0x4405,0x4405,0x2923,0x4405,0x6DC8,0x4405,0x2923,0x4405,
  0x4405,0x4405,0x4405,0x4405,0x4405,0x4405,0x4405,0x4405,0x4405,0x4405,0x4405,0x4405,0x2923,0x4405,0x6DC8,0x4405,
  0x2923,0x4405,0x4405,0x4405,0x4405,0x4405,0x4405,0x4405,0x4405,0x4405,0x4405,0x4405,0x4405,0x4405,0x2923,0x4405,
  0x6DC8,0x4405,0x2923,0x4405,0x4405,0x4405,0x4405,0x4405,0x4405,0x4405,0x4405,0x4405,0x4405,0x4405,0x4405,0x4405,
  0x4405,0x4405,0x6DC8,0x2923,0x2923,0x4405,0x4405,0x4405,0x4405,0x4405,0x2923,0x4405,0x4405,0x4405,0x4405,0x4405,
  0x4405,0x4405,0x2923,0x4405,0x6DC8,0x4405,0x2923,0x4405,0x4405,0x4405,0x4405,0x4405,0x4405,0x4405,0x4405,0x4405,
  0x4405,0x4405,0x4405,0x4405,0x2923,0x4405,0x6DC8,0x4405,0x2923,0x4405,0x4405,0x4405,0x4405,0x4405,0x4405,0x4405,
  0x4405,0x4405,0x4405,0x4405,0x4405,0x4405,0x2923,0x4405,0x6DC8,0x4405,0x2923,0x4405,0x4405,0x4405,0x4405,0x4405,
  0x4405,0x4405,0x4405,0x4405,0x4405,0x4405,0x4405,0x4405,0x2923,0x4405,0x6DC8,0x4405,0x2923,0x4405,0x4405,0x4405,
  0x4405,0x4405,0x4405,0x4405,0x4405,0x4405,0x4405,0x4405,0x4405,0x4405,0x4405,0x4405,0x6DC8,0x2923,0x2923,0x2923,
  0x4405,0x4405,0x4405,0x2923,0x2923,0x4405,0x4405,0x4405,0x4405,0x4405,0x4405,0x4405,0x2923,0x4405,0x6DC8,0x4405,
  0x2923,0x4405,0x4405,0x4405,0x4405,0x4405,0x4405,0x4405,0x4405,0x4405,0x4405,0x4405,0x4405,0x4405,0x2923,0x4405,
  0x6DC8,0x4405,0x2923,0x4405,0x4405,0x4405,0x4405,0x4405,0x4405,0x4405,0x4405,0x4405,0x4405,0x4405,0x4405,0x4405,
  0x2923,0x4405,0x6DC8,0x4405,0x2923,0x4405,0x4405,0x4405,0x4405,0x4405,0x4405,0x4405,0x4405,0x4405,0x4405,0x4405,
  0x4405,0x4405,0x2923,0x4405,0x6DC8,0x4405,0x2923,0x4405,0x4405,0x4405,0x4405,0x4405,0x4405,0x4405,0x4405,0x4405,
  0x4405,0x4405,0x4405,0x4405,0x4405,0x4405,0x6DC8,0x2923,0x2923,0x2923,0x2923,0x2923,0x2923,0x2923,0x2923,0x2923,
  0x2923,0x2923,0x2923,0x2923,0x2923,0x2923,0x2923,0x4405,0x4405,0x4405,0x2923,0x2923,0x2923,0x2923,0x2923,0x2923,
  0x2923,0x2923,0x2923,0x2923,0x2923,0x2923,0x2923,0x2923,0x2923,0x4405,0x4405,0x4405,0x2923,0x2923,0x2923,0x2923,
  0x2923,0x2923,0x2923,0x2923,0x2923,0x2923,0x2923,0x2923,0x2923,0x2923,0x2923,0x4405,0x4405,0x4405,0x2923,0x2923,
  0x2923,0x2923,0x2923,0x2923,0x2923,0x2923,0x2923,0x2923,0x2923,0x2923,0x2923,0x2923,0x2923,0x4405,0x4405,0x4405,
  0x2923,0x2923,0x2923,0x2923,0x2923,0x2923,0x2923,0x2923,0x2923,0x2923,0x2923,0x2923,0x2923,0x2923,0x2923,0x2923,
  0x2923,0x2923,0xF81F,0xF81F,0xF81F,0xF81F,0xF81F,0xF81F,0xF81F,0xF81F,0xF81F,0xF81F,0xF81F,0xF81F,0xF81F,0xF81F,
  0x2923,0x2923,0x2923,0x2923,0x2923,0xF81F,0xF81F,0xF81F,0xF81F,0xF81F,0xF81F,0xF81F,0xF81F,0xF81F,0xF81F,0xF81F,
  0xF81F,0xF81F,0x2923,0x2923,0x2923,0x2923,0x2923,0xF81F,0xF81F,0xF81F,0xF81F,0xF81F,0xF81F,0xF81F,0xF81F,0xF81F,
  0xF81F,0xF81F,0xF81F,0xF81F,0x2923,0x2923,0x2923,0x2923,0x2923,0xF81F,0xF81F,0xF81F,0xF81F,0xF81F,0xF81F,0xF81F,
  0xF81F,0xF81F,0xF81F,0xF81F,0xF81F,0xF81F,0x2923,0x2923,0x2923,0x2923,0x2923,0xF81F,0xF81F,0xF81F,0xF81F,0xF81F,
  0xF81F,0xF81F,0xF81F,0xF81F,0xF81F,0xF81F,0xF81F,0xF81F,0xF81F,0xF81F,0xF81F,0xF81F,0xF81F,0xF81F,0xF81F,0xF81F,
  0xF81F,0xF81F,0xF81F,0xF81F,0xF81F,0xF81F,0xF81F,0xF81F,0xF81F,0xF81F,0xF81F,0xF81F,0xF81F,0xF81F,0xF81F,0xF81F,
  0xF81F,0xF81F,0xF81F,0xF81F,0xF81F,0xF81F,0xF81F,0xF81F,0xF81F,0xF81F,0xF81F,0xF81F,0xF81F,0xF81F,0xF81F,0xF81F,
  0xF81F,0xF81F,0xF81F,0xF81F,0xF81F,0xF81F,0xF81F,0xF81F,0xF81F,0xF81F,0xF81F,0xF81F,0xF81F,0xF81F,0xF81F,0xF81F,
  0xF81F,0xF81F,0xF81F,0xF81F,0xF81F,0xF81F,0xF81F,0xF81F,0xF81F,0xF81F,0xF81F,0xF81F,0xF81F,0xF81F,0xF81F,0xF81F,
  0xF81F,0xF81F,0xF81F,0xF81F,0xF81F,0xF81F,0xF81F,0xF81F,0xF81F,0xF81F,0xF81F,0xF81F,0xF81F,0xF81F,0xF81F,0xF81F,
  0xF81F,0xF81F,0xF81F,0xF81F,0xF81F,0xF81F,0xF81F,0xF81F,0xF81F,0xF81F,0xF81F,0xF81F,0xF81F,0xF81F,0xF81F,0xF81F,
  0xF81F,0xF81F,0xF81F,0xF81F,0xF81F,0xF81F,0xF81F,0xF81F,0xF81F,0xF81F,0xF81F,0xF81F,0xF81F,0xF81F,0xF81F,0xF81F,
  0xF81F,0xF81F,0xF81F,0xF81F,0xF81F,0xF81F,0xF81F,0xF81F,0xF81F,0xF81F,0xF81F,0xF81F,0xF81F,0xF81F,0xF81F,0xF81F,
  0xF81F,0xF81F,0xF81F,0xF81F,0xF81F,0xF81F,0xF81F,0xF81F,0xF81F,0xF81F,0xF81F,0xF81F,0xF81F,0xF81F,0xF81F,0xF81F,
  0xF81F,0xF81F,0xF81F,0xF81F,0xF81F,0xF81F,0xF81F,0xF81F,0xF81F,0xF81F,0xF81F,0xF81F,0xF81F,0xF81F,0xF81F,0xF81F,
  0xF81F,0xF81F,0xF81F,0xF81F,0xF81F,0xF81F,0xF81F,0xF81F,0xF81F,0xF81F,0xF81F,0xF81F,0xF81F,0xF81F,0xF81F,0xF81F,
  0xF81F,0xF81F,0xF81F,0xF81F,0xF81F,0xF81F,0xF81F,0xF81F,0xF81F,0xF81F,0xF81F,0xF81F,0xF81F,0xF81F,0xF81F,0xF81F,
  0xF81F,0xF81F,0xF81F,0xF81F,0xF81F,0xF81F,0xF81F,0xF81F,0xF81F,0xF81F,0xF81F,0xF81F,0xF81F,0xF81F,0xF81F,0xF81F,
  0xF81F,0xF81F,0xF81F,0xF81F,0xF81F,0xF81F,0xF81F,0xF81F,0xF81F,0xF81F,0xF81F,0xF81F,0xF81F,0xF81F,0xF81F,0xF81F,
  0xF81F,0xF81F,0xF81F,0xF81F,0xF81F,0xF81F,0xF81F,0xF81F,0xF81F,0xF81F,0xF81F,0xF81F,0xF81F,0xF81F,0xF81F,0xF81F,
  0xF81F,0xF81F,0xF81F,0xF81F,0xF81F,0xF81F,0xF81F,0xF81F,0xF81F,0xF81F,0xF81F,0xF81F,0xF81F,0xF81F,0xF81F,0xF81F,
  0xF81F,0xF81F,0xF81F,0xF81F,0xF81F,0xF81F,0xF81F,0xF81F,0xF81F,0xF81F,0xF81F,0xF81F,0xF81F,0xF81F,0xF81F,0xF81F,
  0xF81F,0xF81F,0xF81F,0xF81F,0xF81F,0xF81F,0xF81F,0xF81F,0xF81F,0xF81F,0xF81F,0xF81F,0xF81F,0xF81F,0xF81F,0xF81F,
  0xF81F,0xF81F,0xF81F,0xF81F,0xF81F,0xF81F,0xF81F,0xF81F,0xF81F,0xF81F,0xF81F,0xF81F,0xF81F,0xF81F,0xF81F,0xF81F,
  0xF81F,0xF81F,0xF81F,0xF81F,0xF81F,0xF81F,0xF81F,0xF81F,0xF81F,0xF81F,0xF81F,0xF81F,0xF81F,0xF81F,0xF81F,0xF81F,
  0xF81F,0xF81F,0xF81F,0xF81F,0xF81F,0xF81F,0xF81F,0xF81F,0xF81F,0xF81F,0xF81F,0xF81F,0xF81F,0xF81F,0xF81F,0xF81F,
  0xF81F,0xF81F,0xF81F,0xF81F,0xF81F,0xF81F,0xF81F,0xF81F,0xF81F,0xF81F,0xF81F,0xF81F,0xF81F,0xF81F,0xF81F,0xF81F,
  0xF81F,0xF81F,0xF81F,0xF81F,0xF81F,0xF81F,0xF81F,0xF81F,0xF81F,0xF81F,0xF81F,0xF81F,0xF81F,0xF81F,0xF81F,0xF81F,
  0xF81F,0xF81F,0xF81F,0xF81F,0xF81F,0xF81F,0xF81F,0xF81F,0xF81F,0xF81F,0xF81F,0xF81F,0xF81F,0xF81F,0xF81F,0xF81F,
  0xF81F,0xF81F,0xF81F,0xF81F,0xF81F,0xF81F,0xF81F,0xF81F,0xF81F,0xF81F,0xF81F,0xF81F,0xF81F,0xF81F,0xF81F,0xF81F,
  0xF81F,0xF81F,0xF81F,0xF81F,0xF81F,0xF81F,0xF81F,0xF81F,0xF81F,0xF81F,0xF81F,0xF81F,0xF81F,0xF81F,0xF81F,0xF81F,
  0xF81F,0xF81F,0xF81F,0xF81F,0xF81F,0xF81F,0xF81F,0xF81F,0xF81F,0xF81F,0xF81F,0xF81F,0xF81F,0xF81F,0xF81F,0xF81F,
  0xF81F,0xF81F,0xF81F,0xF81F,0xF81F,0xF81F,0xF81F,0xF81F,0xF81F,0xF81F,0xF81F,0xF81F,0xF81F,0xF81F,0xF81F,0xF81F,
  0xF81F,0xF81F,0xF81F,0xF81F,0xF81F,0xF81F,0xF81F,0xF81F,0xF81F,0xF81F,0xF81F,0xF81F,0xF81F,0xF81F,0xF81F,0xF81F,
  0xF81F,0xF81F,0xF81F,0xF81F,0xF81F,0xF81F,0xF81F,0xF81F,0xF81F,0xF81F,0xF81F,0xF81F,0xF81F,0xF81F,0xF81F,0xF81F,
  0xF81F,0xF81F,0xF81F,0xF81F,0xF81F,0xF81F,0xF81F,0xF81F,0xF81F,0xF81F,0xF81F,0xF81F,0xF81F,0xF81F,0xF81F,0xF81F,
  0xF81F,0xF81F,0xF81F,0xF81F,0xF81F,0xF81F,0xF81F,0xF81F,0xF81F,0xF81F,0xF81F,0xF81F,0xF81F,0xF81F,0xF81F,0xF81F,
  0xF81F,0xF81F,0xF81F,0xF81F,0xF81F,0xF81F,0xF81F,0xF81F,0xF81F,0xF81F,0xF81F,0xF81F,0xF81F,0xF81F,0xF81F,0xF81F,
  0xF81F,0xF81F,0xF81F,0xF81F,0xF81F,0xF81F,0xF81F,0xF81F,0xF81F,0xF81F,0xF81F,0xF81F,0xF81F,0xF81F,0xF81F,0xF81F,
  0xF81F,0xF81F,0xF81F,0xF81F,0xF81F,0xF81F,0xF81F,0xF81F,0xF81F,0xF81F,0xF81F,0xF81F,0xF81F,0xF81F,0xF81F,0xF81F,
  0xF81F,0xF81F,0xF81F,0xF81F,0xF81F,0xF81F,0xF81F,0xF81F,0xF81F,0xF81F,0xF81F,0xF81F,0xF81F,0xF81F,0xF81F,0xF81F,
  0xF81F,0xF81F,0xF81F,0xF81F,0xF81F,0xF81F,0xF81F,0xF81F,0xF81F,0xF81F,0xF81F,0xF81F,0xF81F,0xF81F,0xF81F,0xF81F,
  0xF81F,0xF81F,0xF81F,0xF81F,0xF81F,0xF81F,0xF81F,0xF81F,0xF81F,0xF81F,0xF81F,0xF81F,0xF81F,0xF81F,0xF81F,0xF81F,
  0xF81F,0xF81F,0xF81F,0xF81F,0xF81F,0xF81F,0xF81F,0xF81F,0xF81F,0xF81F,0xF81F,0xF81F,0xF81F,0xF81F,0xF81F,0xF81F,
  0xF81F,0xF81F,0xF81F,0xF81F,0xF81F,0xF81F,0xF81F,0xF81F,0xF81F,0xF81F,0xF81F,0xF81F,0xF81F,0xF81F,0xF81F,0xF81F,
  0xF81F,0xF81F,0xF81F,0xF81F,0xF81F,0xF81F,0xF81F,0xF81F,0xF81F,0xF81F,0xF81F,0xF81F,0xF81F,0xF81F,0xF81F,0xF81F,
  0xF81F,0xF81F,0xF81F,0xF81F,0xF81F,0xF81F,0xF81F,0xF81F,0xF81F,0xF81F,0xF81F,0xF81F,0xF81F,0xF81F,0xF81F,0xF81F,
  0xF81F,0xF81F,0xF81F,0xF81F,0xF81F,0xF81F,0xF81F,0xF81F,0xF81F,0xF81F,0xF81F,0xF81F,0xF81F,0xF81F,0xF81F,0xF81F,
  0xF81F,0xF81F,0xF81F,0xF81F,0xF81F,0xF81F,0xF81F,0xF81F,0xF81F,0xF81F,0xF81F,0xF81F,0xF81F,0xF81F,0xF81F,0xF81F,
  0xF81F,0xF81F,0xF81F,0xF81F,0xF81F,0xF81F,0xF81F,0xF81F,0xF81F,0xF81F,0xF81F,0xF81F,0xF81F,0xF81F,0xF81F,0xF81F,
  0xF81F,0xF81F,0xF81F,0xF81F,0xF81F,0xF81F,0xF81F,0xF81F,0xF81F,0xF81F,0xF81F,0xF81F,0xF81F,0xF81F,0xF81F,0xF81F,
  0xF81F,0xF81F,0xF81F,0xF81F,0xF81F,0xF81F,0xF81F,0xF81F,0xF81F,0xF81F,0xF81F,0xF81F,0xF81F,0xF81F,0xF81F,0xF81F,
  0xF81F,0xF81F,0xF81F,0xF81F,0xF81F,0xF81F,0xF81F,0xF81F,0x2923,0x2923,0x2923,0xF81F,0xF81F,0xF81F,0xF81F,0xF81F,
  0xF81F,0xF81F,0xF81F,0xF81F,0xF81F,0xF81F,0xF81F,0xF81F,0xF81F,0xF81F,0xF81F,0xF81F,0xF81F,0xF81F,0xF81F,0xF81F,
  0xF81F,0xF81F,0xF81F,0xF81F,0xF81F,0xF81F,0xF81F,0xF81F,0xF81F,0xF81F,0xF81F,0xF81F,0xF81F,0xF81F,0xF81F,0xF81F,
  0xF81F,0xF81F,0xF81F,0xF81F,0xF81F,0xF81F
};
constexpr SpriteImg SPR_BAMBOO = { spr_bamboo_px, 90, 31 };

static const uint16_t spr_spikes_px[] = {
  0xF81F,0xF81F,0xF81F,0xF81F,0xF81F,0xF81F,0x2923,0x2923,0x2923,0xF81F,0xF81F,0xF81F,0xF81F,0xF81F,0xF81F,0xF81F,
  0xF81F,0x2923,0x2923,0x2923,0xF81F,0xF81F,0xF81F,0xF81F,0xF81F,0xF81F,0xF81F,0xF81F,0x2923,0x2923,0x2923,0xF81F,
  0xF81F,0xF81F,0xF81F,0xF81F,0xF81F,0xF81F,0xF81F,0x2923,0x2923,0x2923,0xF81F,0xF81F,0xF81F,0xF81F,0xF81F,0xF81F,
  0xF81F,0xF81F,0x2923,0x2923,0x2923,0xF81F,0xF81F,0xF81F,0xF81F,0xF81F,0xF81F,0xF81F,0xF81F,0x2923,0x2923,0x2923,
  0xF81F,0xF81F,0xF81F,0xF81F,0xF81F,0xF81F,0xF81F,0xF81F,0x2923,0x2923,0x2923,0xF81F,0xF81F,0xF81F,0xF81F,0xF81F,
  0xF81F,0xF81F,0xF81F,0x2923,0x2923,0x2923,0xF81F,0xF81F,0xF81F,0xF81F,0xF81F,0xF81F,0xF81F,0xF81F,0xF81F,0xF81F,
  0x2923,0xB5B7,0x2923,0xF81F,0xF81F,0xF81F,0xF81F,0xF81F,0xF81F,0xF81F,0xF81F,0x2923,0xB5B7,0x2923,0xF81F,0xF81F,
  0xF81F,0xF81F,0xF81F,0xF81F,0xF81F,0xF81F,0x2923,0xB5B7,0x2923,0xF81F,0xF81F,0xF81F,0xF81F,0xF81F,0xF81F,0xF81F,
  0xF81F,0x2923,0xB5B7,0x2923,0xF81F,0xF81F,0xF81F,0xF81F,0xF81F,0xF81F,0xF81F,0xF81F,0x2923,0xB5B7,0x2923,0xF81F,
  0xF81F,0xF81F,0xF81F,0xF81F,0xF81F,0xF81F,0xF81F,0x2923,0xB5B7,0x2923,0xF81F,0xF81F,0xF81F,0xF81F,0xF81F,0xF81F,
  0xF81F,0xF81F,0x2923,0xB5B7,0x2923,0xF81F,0xF81F,0xF81F,0xF81F,0xF81F,0xF81F,0xF81F,0xF81F,0x2923,0xB5B7,0x2923,
  0xF81F,0xF81F,0xF81F,0xF81F,0xF81F,0xF81F,0xF81F,0xF81F,0xF81F,0xF81F,0x2923,0xB5B7,0x2923,0xF81F,0xF81F,0xF81F,
  0xF81F,0xF81F,0xF81F,0xF81F,0xF81F,0x2923,0xB5B7,0x2923,0xF81F,0xF81F,0xF81F,0xF81F,0xF81F,0xF81F,0xF81F,0xF81F,
  0x2923,0xB5B7,0x2923,0xF81F,0xF81F,0xF81F,0xF81F,0xF81F,0xF81F,0xF81F,0xF81F,0x2923,0xB5B7,0x2923,0xF81F,0xF81F,
  0xF81F,0xF81F,0xF81F,0xF81F,0xF81F,0xF81F,0x2923,0xB5B7,0x2923,0xF81F,0xF81F,0xF81F,0xF81F,0xF81F,0xF81F,0xF81F,
  0xF81F,0x2923,0xB5B7,0x2923,0xF81F,0xF81F,0xF81F,0xF81F,0xF81F,0xF81F,0xF81F,0xF81F,0x2923,0xB5B7,0x2923,0xF81F,
  0xF81F,0xF81F,0xF81F,0xF81F,0xF81F,0xF81F,0xF81F,0x2923,0xB5B7,0x2923,0xF81F,0xF81F,0xF81F,0xF81F,0xF81F,0xF81F,
  0xF81F,0xF81F,0xF81F,0xF81F,0x2923,0xFFFF,0x2923,0xF81F,0xF81F,0xF81F,0xF81F,0xF81F,0xF81F,0xF81F,0xF81F,0x2923,
  0xFFFF,0x2923,0xF81F,0xF81F,0xF81F,0xF81F,0xF81F,0xF81F,0xF81F,0xF81F,0x2923,0xFFFF,0x2923,0xF81F,0xF81F,0xF81F,
  0xF81F,0xF81F,0xF81F,0xF81F,0xF81F,0x2923,0xFFFF,0x2923,0xF81F,0xF81F,0xF81F,0xF81F,0xF81F,0xF81F,0xF81F,0xF81F,
  0x2923,0xFFFF,0x2923,0xF81F,0xF81F,0xF81F,0xF81F,0xF81F,0xF81F,0xF81F,0xF81F,0x2923,0xFFFF,0x2923,0xF81F,0xF81F,
  0xF81F,0xF81F,0xF81F,0xF81F,0xF81F,0xF81F,0x2923,0xFFFF,0x2923,0xF81F,0xF81F,0xF81F,0xF81F,0xF81F,0xF81F,0xF81F,
  0xF81F,0x2923,0xFFFF,0x2923,0xF81F,0xF81F,0xF81F,0xF81F,0xF81F,0xF81F,0xF81F,0xF81F,0xF81F,0x2923,0x2923,0xFFFF,
  0x2923,0x2923,0xF81F,0xF81F,0xF81F,0xF81F,0xF81F,0xF81F,0x2923,0x2923,0xFFFF,0x2923,0x2923,0xF81F,0xF81F,0xF81F,
  0xF81F,0xF81F,0xF81F,0x2923,0x2923,0xFFFF,0x2923,0x2923,0xF81F,0xF81F,0xF81F,0xF81F,0xF81F,0xF81F,0x2923,0x2923,
  0xFFFF,0x2923,0x2923,0xF81F,0xF81F,0xF81F,0xF81F,0xF81F,0xF81F,0x2923,0x2923,0xFFFF,0x2923,0x2923,0xF81F,0xF81F,
  0xF81F,0xF81F,0xF81F,0xF81F,0x2923,0x2923,0xFFFF,0x2923,0x2923,0xF81F,0xF81F,0xF81F,0xF81F,0xF81F,0xF81F,0x2923,
  0x2923,0xFFFF,0x2923,0x2923,0xF81F,0xF81F,0xF81F,0xF81F,0xF81F,0xF81F,0x2923,0x2923,0xFFFF,0x2923,0x2923,0xF81F,
  0xF81F,0xF81F,0xF81F,0xF81F,0xF81F,0xF81F,0xF81F,0x2923,0xB5B7,0xFFFF,0xB5B7,0x2923,0xF81F,0xF81F,0xF81F,0xF81F,
  0xF81F,0xF81F,0x2923,0xB5B7,0xFFFF,0xB5B7,0x2923,0xF81F,0xF81F,0xF81F,0xF81F,0xF81F,0xF81F,0x2923,0xB5B7,0xFFFF,
  0xB5B7,0x2923,0xF81F,0xF81F,0xF81F,0xF81F,0xF81F,0xF81F,0x2923,0xB5B7,0xFFFF,0xB5B7,0x2923,0xF81F,0xF81F,0xF81F,
  0xF81F,0xF81F,0xF81F,0x2923,0xB5B7,0xFFFF,0xB5B7,0x2923,0xF81F,0xF81F,0xF81F,0xF81F,0xF81F,0xF81F,0x2923,0xB5B7,
  0xFFFF,0xB5B7,0x2923,0xF81F,0xF81F,0xF81F,0xF81F,0xF81F,0xF81F,0x2923,0xB5B7,0xFFFF,0xB5B7,0x2923,0xF81F,0xF81F,
  0xF81F,0xF81F,0xF81F,0xF81F,0x2923,0xB5B7,0xFFFF,0xB5B7,0x2923,0xF81F,0xF81F,0xF81F,0xF81F,0xF81F,0xF81F,0xF81F,
  0xF81F,0x2923,0x6B8F,0xFFFF,0xB5B7,0x2923,0xF81F,0xF81F,0xF81F,0xF81F,0xF81F,0xF81F,0x2923,0x6B8F,0xFFFF,0xB5B7,
  0x2923,0xF81F,0xF81F,0xF81F,0xF81F,0xF81F,0xF81F,0x2923,0x6B8F,0xFFFF,0xB5B7,0x2923,0xF81F,0xF81F,0xF81F,0xF81F,
  0xF81F,0xF81F,0x2923,0x6B8F,0xFFFF,0xB5B7,0x2923,0xF81F,0xF81F,0xF81F,0xF81F,0xF81F,0xF81F,0x2923,0x6B8F,0xFFFF,
  0xB5B7,0x2923,0xF81F,0xF81F,0xF81F,0xF81F,0xF81F,0xF81F,0x2923,0x6B8F,0xFFFF,0xB5B7,0x2923,0xF81F,0xF81F,0xF81F,
  0xF81F,0xF81F,0xF81F,0x2923,0x6B8F,0xFFFF,0xB5B7,0x2923,0xF81F,0xF81F,0xF81F,0xF81F,0xF81F,0xF81F,0x2923,0x6B8F,
  0xFFFF,0xB5B7,0x2923,0xF81F,0xF81F,0xF81F,0xF81F,0xF81F,0xF81F,0xF81F,0xF81F,0x2923,0x6B8F,0xFFFF,0xB5B7,0x2923,
  0xF81F,0xF81F,0xF81F,0xF81F,0xF81F,0xF81F,0x2923,0x6B8F,0xFFFF,0xB5B7,0x2923,0xF81F,0xF81F,0xF81F,0xF81F,0xF81F,
  0xF81F,0x2923,0x6B8F,0xFFFF,0xB5B7,0x2923,0xF81F,0xF81F,0xF81F,0xF81F,0xF81F,0xF81F,0x2923,0x6B8F,0xFFFF,0xB5B7,
  0x2923,0xF81F,0xF81F,0xF81F,0xF81F,0xF81F,0xF81F,0x2923,0x6B8F,0xFFFF,0xB5B7,0x2923,0xF81F,0xF81F,0xF81F,0xF81F,
  0xF81F,0xF81F,0x2923,0x6B8F,0xFFFF,0xB5B7,0x2923,0xF81F,0xF81F,0xF81F,0xF81F,0xF81F,0xF81F,0x2923,0x6B8F,0xFFFF,
  0xB5B7,0x2923,0xF81F,0xF81F,0xF81F,0xF81F,0xF81F,0xF81F,0x2923,0x6B8F,0xFFFF,0xB5B7,0x2923,0xF81F,0xF81F,0xF81F,
  0xF81F,0xF81F,0xF81F,0xF81F,0x2923,0x2923,0x6B8F,0xFFFF,0xFFFF,0x2923,0x2923,0xF81F,0xF81F,0xF81F,0xF81F,0x2923,
  0x2923,0x6B8F,0xFFFF,0xFFFF,0x2923,0x2923,0xF81F,0xF81F,0xF81F,0xF81F,0x2923,0x2923,0x6B8F,0xFFFF,0xFFFF,0x2923,
  0x2923,0xF81F,0xF81F,0xF81F,0xF81F,0x2923,0x2923,0x6B8F,0xFFFF,0xFFFF,0x2923,0x2923,0xF81F,0xF81F,0xF81F,0xF81F,
  0x2923,0x2923,0x6B8F,0xFFFF,0xFFFF,0x2923,0x2923,0xF81F,0xF81F,0xF81F,0xF81F,0x2923,0x2923,0x6B8F,0xFFFF,0xFFFF,
  0x2923,0x2923,0xF81F,0xF81F,0xF81F,0xF81F,0x2923,0x2923,0x6B8F,0xFFFF,0xFFFF,0x2923,0x2923,0xF81F,0xF81F,0xF81F,
  0xF81F,0x2923,0x2923,0x6B8F,0xFFFF,0xFFFF,0x2923,0x2923,0xF81F,0xF81F,0xF81F,0xF81F,0xF81F,0xF81F,0x2923,0x6B8F,
  0xB5B7,0xFFFF,0xFFFF,0xB5B7,0x2923,0xF81F,0xF81F,0xF81F,0xF81F,0x2923,0x6B8F,0xB5B7,0xFFFF,0xFFFF,0xB5B7,0x2923,
  0xF81F,0xF81F,0xF81F,0xF81F,0x2923,0x6B8F,0xB5B7,0xFFFF,0xFFFF,0xB5B7,0x2923,0xF81F,0xF81F,0xF81F,0xF81F,0x2923,
  0x6B8F,0xB5B7,0xFFFF,0xFFFF,0xB5B7,0x2923,0xF81F,0xF81F,0xF81F,0xF81F,0x2923,0x6B8F,0xB5B7,0xFFFF,0xFFFF,0xB5B7,
  0x2923,0xF81F,0xF81F,0xF81F,0xF81F,0x2923,0x6B8F,0xB5B7,0xFFFF,0xFFFF,0xB5B7,0x2923,0xF81F,0xF81F,0xF81F,0xF81F,
  0x2923,0x6B8F,0xB5B7,0xFFFF,0xFFFF,0xB5B7,0x2923,0xF81F,0xF81F,0xF81F,0xF81F,0x2923,0x6B8F,0xB5B7,0xFFFF,0xFFFF,
  0xB5B7,0x2923,0xF81F,0xF81F,0xF81F,0xF81F,0xF81F,0xF81F,0x2923,0x6B8F,0xB5B7,0xFFFF,0xFFFF,0xB5B7,0x2923,0xF81F,
  0xF81F,0xF81F,0xF81F,0x2923,0x6B8F,0xB5B7,0xFFFF,0xFFFF,0xB5B7,0x2923,0xF81F,0xF81F,0xF81F,0xF81F,0x2923,0x6B8F,
  0xB5B7,0xFFFF,0xFFFF,0xB5B7,0x2923,0xF81F,0xF81F,0xF81F,0xF81F,0x2923,0x6B8F,0xB5B7,0xFFFF,0xFFFF,0xB5B7,0x2923,
  0xF81F,0xF81F,0xF81F,0xF81F,0x2923,0x6B8F,0xB5B7,0xFFFF,0xFFFF,0xB5B7,0x2923,0xF81F,0xF81F,0xF81F,0xF81F,0x2923,
  0x6B8F,0xB5B7,0xFFFF,0xFFFF,0xB5B7,0x2923,0xF81F,0xF81F,0xF81F,0xF81F,0x2923,0x6B8F,0xB5B7,0xFFFF,0xFFFF,0xB5B7,
  0x2923,0xF81F,0xF81F,0xF81F,0xF81F,0x2923,0x6B8F,0xB5B7,0xFFFF,0xFFFF,0xB5B7,0x2923,0xF81F,0xF81F,0xF81F,0xF81F,
  0xF81F,0x2923,0x2923,0x6B8F,0xB5B7,0xFFFF,0xFFFF,0xB5B7,0x2923,0x2923,0xF81F,0xF81F,0x2923,0x2923,0x6B8F,0xB5B7,
  0xFFFF,0xFFFF,0xB5B7,0x2923,0x2923,0xF81F,0xF81F,0x2923,0x2923,0x6B8F,0xB5B7,0xFFFF,0xFFFF,0xB5B7,0x2923,0x2923,
  0xF81F,0xF81F,0x2923,0x2923,0x6B8F,0xB5B7,0xFFFF,0xFFFF,0xB5B7,0x2923,0x2923,0xF81F,0xF81F,0x2923,0x2923,0x6B8F,
  0xB5B7,0xFFFF,0xFFFF,0xB5B7,0x2923,0x2923,0xF81F,0xF81F,0x2923,0x2923,0x6B8F,0xB5B7,0xFFFF,0xFFFF,0xB5B7,0x2923,
  0x2923,0xF81F,0xF81F,0x2923,0x2923,0x6B8F,0xB5B7,0xFFFF,0xFFFF,0xB5B7,0x2923,0x2923,0xF81F,0xF81F,0x2923,0x2923,
  0x6B8F,0xB5B7,0xFFFF,0xFFFF,0xB5B7,0x2923,0x2923,0xF81F,0xF81F,0xF81F,0xF81F,0x2923,0xB5B7,0x6B8F,0xB5B7,0xFFFF,
  0xFFFF,0xB5B7,0xB5B7,0x2923,0xF81F,0xF81F,0x2923,0xB5B7,0x6B8F,0xB5B7,0xFFFF,0xFFFF,0xB5B7,0xB5B7,0x2923,0xF81F,
  0xF81F,0x2923,0xB5B7,0x6B8F,0xB5B7,0xFFFF,0xFFFF,0xB5B7,0xB5B7,0x2923,0xF81F,0xF81F,0x2923,0xB5B7,0x6B8F,0xB5B7,
  0xFFFF,0xFFFF,0xB5B7,0xB5B7,0x2923,0xF81F,0xF81F,0x2923,0xB5B7,0x6B8F,0xB5B7,0xFFFF,0xFFFF,0xB5B7,0xB5B7,0x2923,
  0xF81F,0xF81F,0x2923,0xB5B7,0x6B8F,0xB5B7,0xFFFF,0xFFFF,0xB5B7,0xB5B7,0x2923,0xF81F,0xF81F,0x2923,0xB5B7,0x6B8F,
  0xB5B7,0xFFFF,0xFFFF,0xB5B7,0xB5B7,0x2923,0xF81F,0xF81F,0x2923,0xB5B7,0x6B8F,0xB5B7,0xFFFF,0xFFFF,0xB5B7,0xB5B7,
  0x2923,0xF81F,0xF81F,0xF81F,0xF81F,0x2923,0x6B8F,0xB5B7,0xB5B7,0xFFFF,0xFFFF,0xFFFF,0xB5B7,0x2923,0xF81F,0xF81F,
  0x2923,0x6B8F,0xB5B7,0xB5B7,0xFFFF,0xFFFF,0xFFFF,0xB5B7,0x2923,0xF81F,0xF81F,0x2923,0x6B8F,0xB5B7,0xB5B7,0xFFFF,
  0xFFFF,0xFFFF,0xB5B7,0x2923,0xF81F,0xF81F,0x2923,0x6B8F,0xB5B7,0xB5B7,0xFFFF,0xFFFF,0xFFFF,0xB5B7,0x2923,0xF81F,
  0xF81F,0x2923,0x6B8F,0xB5B7,0xB5B7,0xFFFF,0xFFFF,0xFFFF,0xB5B7,0x2923,0xF81F,0xF81F,0x2923,0x6B8F,0xB5B7,0xB5B7,
  0xFFFF,0xFFFF,0xFFFF,0xB5B7,0x2923,0xF81F,0xF81F,0x2923,0x6B8F,0xB5B7,0xB5B7,0xFFFF,0xFFFF,0xFFFF,0xB5B7,0x2923,
  0xF81F,0xF81F,0x2923,0x6B8F,0xB5B7,0xB5B7,0xFFFF,0xFFFF,0xFFFF,0xB5B7,0x2923,0xF81F,0xF81F,0xF81F,0xF81F,0x2923,
  0x6B8F,0xB5B7,0xB5B7,0xFFFF,0xFFFF,0xFFFF,0xB5B7,0x2923,0xF81F,0xF81F,0x2923,0x6B8F,0xB5B7,0xB5B7,0xFFFF,0xFFFF,
  0xFFFF,0xB5B7,0x2923,0xF81F,0xF81F,0x2923,0x6B8F,0xB5B7,0xB5B7,0xFFFF,0xFFFF,0xFFFF,0xB5B7,0x2923,0xF81F,0xF81F,
  0x2923,0x6B8F,0xB5B7,0xB5B7,0xFFFF,0xFFFF,0xFFFF,0xB5B7,0x2923,0xF81F,0xF81F,0x2923,0x6B8F,0xB5B7,0xB5B7,0xFFFF,
  0xFFFF,0xFFFF,0xB5B7,0x2923,0xF81F,0xF81F,0x2923,0x6B8F,0xB5B7,0xB5B7,0xFFFF,0xFFFF,0xFFFF,0xB5B7,0x2923,0xF81F,
  0xF81F,0x2923,0x6B8F,0xB5B7,0xB5B7,0xFFFF,0xFFFF,0xFFFF,0xB5B7,0x2923,0xF81F,0xF81F,0x2923,0x6B8F,0xB5B7,0xB5B7,
  0xFFFF,0xFFFF,0xFFFF,0xB5B7,0x2923,0xF81F,0xF81F,0xF81F,0x2923,0x2923,0x6B8F,0xB5B7,0xB5B7,0xFFFF,0xFFFF,0xFFFF,
  0xB5B7,0x2923,0x2923,0x2923,0x2923,0x6B8F,0xB5B7,0xB5B7,0xFFFF,0xFFFF,0xFFFF,0xB5B7,0x2923,0x2923,0x2923,0x2923,
  0x6B8F,0xB5B7,0xB5B7,0xFFFF,0xFFFF,0xFFFF,0xB5B7,0x2923,0x2923,0x2923,0x2923,0x6B8F,0xB5B7,0xB5B7,0xFFFF,0xFFFF,
  0xFFFF,0xB5B7,0x2923,0x2923,0x2923,0x2923,0x6B8F,0xB5B7,0xB5B7,0xFFFF,0xFFFF,0xFFFF,0xB5B7,0x2923,0x2923,0x2923,
  0x2923,0x6B8F,0xB5B7,0xB5B7,0xFFFF,0xFFFF,0xFFFF,0xB5B7,0x2923,0x2923,0x2923,0x2923,0x6B8F,0xB5B7,0xB5B7,0xFFFF,
  0xFFFF,0xFFFF,0xB5B7,0x2923,0x2923,0x2923,0x2923,0x6B8F,0xB5B7,0xB5B7,0xFFFF,0xFFFF,0xFFFF,0xB5B7,0x2923,0x2923,
  0xF81F,0xF81F,0x2923,0xB5B7,0x6B8F,0xB5B7,0xB5B7,0xFFFF,0xFFFF,0xFFFF,0xB5B7,0xB5B7,0x2923,0x2923,0xB5B7,0x6B8F,
  0xB5B7,0xB5B7,0xFFFF,0xFFFF,0xFFFF,0xB5B7,0xB5B7,0x2923,0x2923,0xB5B7,0x6B8F,0xB5B7,0xB5B7,0xFFFF,0xFFFF,0xFFFF,
  0xB5B7,0xB5B7,0x2923,0x2923,0xB5B7,0x6B8F,0xB5B7,0xB5B7,0xFFFF,0xFFFF,0xFFFF,0xB5B7,0xB5B7,0x2923,0x2923,0xB5B7,
  0x6B8F,0xB5B7,0xB5B7,0xFFFF,0xFFFF,0xFFFF,0xB5B7,0xB5B7,0x2923,0x2923,0xB5B7,0x6B8F,0xB5B7,0xB5B7,0xFFFF,0xFFFF,
  0xFFFF,0xB5B7,0xB5B7,0x2923,0x2923,0xB5B7,0x6B8F,0xB5B7,0xB5B7,0xFFFF,0xFFFF,0xFFFF,0xB5B7,0xB5B7,0x2923,0x2923,
  0xB5B7,0x6B8F,0xB5B7,0xB5B7,0xFFFF,0xFFFF,0xFFFF,0xB5B7,0xB5B7,0x2923,0xF81F,0xF81F,0x2923,0x6B8F,0xB5B7,0xB5B7,
  0xB5B7,0xFFFF,0xFFFF,0xFFFF,0xB5B7,0xB5B7,0x2923,0x2923,0x6B8F,0xB5B7,0xB5B7,0xB5B7,0xFFFF,0xFFFF,0xFFFF,0xB5B7,
  0xB5B7,0x2923,0x2923,0x6B8F,0xB5B7,0xB5B7,0xB5B7,0xFFFF,0xFFFF,0xFFFF,0xB5B7,0xB5B7,0x2923,0x2923,0x6B8F,0xB5B7,
  0xB5B7,0xB5B7,0xFFFF,0xFFFF,0xFFFF,0xB5B7,0xB5B7,0x2923,0x2923,0x6B8F,0xB5B7,0xB5B7,0xB5B7,0xFFFF,0xFFFF,0xFFFF,
  0xB5B7,0xB5B7,0x2923,0x2923,0x6B8F,0xB5B7,0xB5B7,0xB5B7,0xFFFF,0xFFFF,0xFFFF,0xB5B7,0xB5B7,0x2923,0x2923,0x6B8F,
  0xB5B7,0xB5B7,0xB5B7,0xFFFF,0xFFFF,0xFFFF,0xB5B7,0xB5B7,0x2923,0x2923,0x6B8F,0xB5B7,0xB5B7,0xB5B7,0xFFFF,0xFFFF,
  0xFFFF,0xB5B7,0xB5B7,0x2923,0xF81F,0xF81F,0x2923,0x6B8F,0xB5B7,0xB5B7,0xB5B7,0xB5B7,0xB5B7,0xB5B7,0xB5B7,0xB5B7,
  0x2923,0x2923,0x6B8F,0xB5B7,0xB5B7,0xB5B7,0xB5B7,0xB5B7,0xB5B7,0xB5B7,0xB5B7,0x2923,0x2923,0x6B8F,0xB5B7,0xB5B7,
  0xB5B7,0xB5B7,0xB5B7,0xB5B7,0xB5B7,0xB5B7,0x2923,0x2923,0x6B8F,0xB5B7,0xB5B7,0xB5B7,0xB5B7,0xB5B7,0xB5B7,0xB5B7,
  0xB5B7,0x2923,0x2923,0x6B8F,0xB5B7,0xB5B7,0xB5B7,0xB5B7,0xB5B7,0xB5B7,0xB5B7,0xB5B7,0x2923,0x2923,0x6B8F,0xB5B7,
  0xB5B7,0xB5B7,0xB5B7,0xB5B7,0xB5B7,0xB5B7,0xB5B7,0x2923,0x2923,0x6B8F,0xB5B7,0xB5B7,0xB5B7,0xB5B7,0xB5B7,0xB5B7,
  0xB5B7,0xB5B7,0x2923,0x2923,0x6B8F,0xB5B7,0xB5B7,0xB5B7,0xB5B7,0xB5B7,0xB5B7,0xB5B7,0xB5B7,0x2923,0xF81F,0xF81F,
  0x2923,0x6B8F,0xB5B7,0xB5B7,0xB5B7,0xB5B7,0xB5B7,0xB5B7,0xB5B7,0xB5B7,0x2923,0x2923,0x6B8F,0xB5B7,0xB5B7,0xB5B7,
  0xB5B7,0xB5B7,0xB5B7,0xB5B7,0xB5B7,0x2923,0x2923,0x6B8F,0xB5B7,0xB5B7,0xB5B7,0xB5B7,0xB5B7,0xB5B7,0xB5B7,0xB5B7,
  0x2923,0x2923,0x6B8F,0xB5B7,0xB5B7,0xB5B7,0xB5B7,0xB5B7,0xB5B7,0xB5B7,0xB5B7,0x2923,0x2923,0x6B8F,0xB5B7,0xB5B7,
  0xB5B7,0xB5B7,0xB5B7,0xB5B7,0xB5B7,0xB5B7,0x2923,0x2923,0x6B8F,0xB5B7,0xB5B7,0xB5B7,0xB5B7,0xB5B7,0xB5B7,0xB5B7,
  0xB5B7,0x2923,0x2923,0x6B8F,0xB5B7,0xB5B7,0xB5B7,0xB5B7,0xB5B7,0xB5B7,0xB5B7,0xB5B7,0x2923,0x2923,0x6B8F,0xB5B7,
  0xB5B7,0xB5B7,0xB5B7,0xB5B7,0xB5B7,0xB5B7,0xB5B7,0x2923,0x2923,0x2923,0x2923,0x2923,0x2923,0x2923,0x2923,0x2923,
  0x2923,0x2923,0x2923,0x2923,0x2923,0x2923,0x2923,0x2923,0x2923,0x2923,0x2923,0x2923,0x2923,0x2923,0x2923,0x2923,
  0x2923,0x2923,0x2923,0x2923,0x2923,0x2923,0x2923,0x2923,0x2923,0x2923,0x2923,0x2923,0x2923,0x2923,0x2923,0x2923,
  0x2923,0x2923,0x2923,0x2923,0x2923,0x2923,0x2923,0x2923,0x2923,0x2923,0x2923,0x2923,0x2923,0x2923,0x2923,0x2923,
  0x2923,0x2923,0x2923,0x2923,0x2923,0x2923,0x2923,0x2923,0x2923,0x2923,0x2923,0x2923,0x2923,0x2923,0x2923,0x2923,
  0x2923,0x2923,0x2923,0x2923,0x2923,0x2923,0x2923,0x2923,0x2923,0x2923,0x2923,0x2923,0x2923,0x2923,0x2923,0x2923,
  0x2923,0x2923,0x2923,0x6B8F,0x6B8F,0x6B8F,0x6B8F,0x6B8F,0x6B8F,0x6B8F,0x6B8F,0x6B8F,0x6B8F,0x6B8F,0x6B8F,0x6B8F,
  0x6B8F,0x6B8F,0x6B8F,0x6B8F,0x6B8F,0x6B8F,0x6B8F,0x6B8F,0x6B8F,0x6B8F,0x6B8F,0x6B8F,0x6B8F,0x6B8F,0x6B8F,0x6B8F,
  0x6B8F,0x6B8F,0x6B8F,0x6B8F,0x6B8F,0x6B8F,0x6B8F,0x6B8F,0x6B8F,0x6B8F,0x6B8F,0x6B8F,0x6B8F,0x6B8F,0x6B8F,0x6B8F,
  0x6B8F,0x6B8F,0x6B8F,0x6B8F,0x6B8F,0x6B8F,0x6B8F,0x6B8F,0x6B8F,0x6B8F,0x6B8F,0x6B8F,0x6B8F,0x6B8F,0x6B8F,0x6B8F,
  0x6B8F,0x6B8F,0x6B8F,0x6B8F,0x6B8F,0x6B8F,0x6B8F,0x6B8F,0x6B8F,0x6B8F,0x6B8F,0x6B8F,0x6B8F,0x6B8F,0x6B8F,0x6B8F,
  0x6B8F,0x6B8F,0x6B8F,0x6B8F,0x6B8F,0x6B8F,0x6B8F,0x6B8F,0x6B8F,0x6B8F,0x6B8F,0x2923,0x2923,0x6B8F,0xB5B7,0xB5B7,
  0xB5B7,0xB5B7,0xB5B7,0xB5B7,0xB5B7,0xB5B7,0xB5B7,0xB5B7,0xB5B7,0xB5B7,0xB5B7,0xB5B7,0xB5B7,0xB5B7,0xB5B7,0xB5B7,
  0xB5B7,0xB5B7,0xB5B7,0xB5B7,0xB5B7,0xB5B7,0xB5B7,0xB5B7,0xB5B7,0xB5B7,0xB5B7,0xB5B7,0xB5B7,0xB5B7,0xB5B7,0xB5B7,
  0xB5B7,0xB5B7,0xB5B7,0xB5B7,0xB5B7,0xB5B7,0xB5B7,0xB5B7,0xB5B7,0xB5B7,0xB5B7,0xB5B7,0xB5B7,0xB5B7,0xB5B7,0xB5B7,
  0xB5B7,0xB5B7,0xB5B7,0xB5B7,0xB5B7,0xB5B7,0xB5B7,0xB5B7,0xB5B7,0xB5B7,0xB5B7,0xB5B7,0xB5B7,0xB5B7,0xB5B7,0xB5B7,
  0xB5B7,0xB5B7,0xB5B7,0xB5B7,0xB5B7,0xB5B7,0xB5B7,0xB5B7,0xB5B7,0xB5B7,0xB5B7,0xB5B7,0xB5B7,0xB5B7,0xB5B7,0xB5B7,
  0xB5B7,0xB5B7,0xB5B7,0xB5B7,0x6B8F,0x2923,0x2923,0x6B8F,0xB5B7,0xB5B7,0xB5B7,0xB5B7,0xB5B7,0xB5B7,0xB5B7,0xB5B7,
  0xB5B7,0xB5B7,0xB5B7,0xB5B7,0xB5B7,0xB5B7,0xB5B7,0xB5B7,0xB5B7,0xB5B7,0xB5B7,0xB5B7,0xB5B7,0xB5B7,0xB5B7,0xB5B7,
  0xB5B7,0xB5B7,0xB5B7,0xB5B7,0xB5B7,0xB5B7,0xB5B7,0xB5B7,0xB5B7,0xB5B7,0xB5B7,0xB5B7,0xB5B7,0xB5B7,0xB5B7,0xB5B7,
  0xB5B7,0xB5B7,0xB5B7,0xB5B7,0xB5B7,0xB5B7,0xB5B7,0xB5B7,0xB5B7,0xB5B7,0xB5B7,0xB5B7,0xB5B7,0xB5B7,0xB5B7,0xB5B7,
  0xB5B7,0xB5B7,0xB5B7,0xB5B7,0xB5B7,0xB5B7,0xB5B7,0xB5B7,0xB5B7,0xB5B7,0xB5B7,0xB5B7,0xB5B7,0xB5B7,0xB5B7,0xB5B7,
  0xB5B7,0xB5B7,0xB5B7,0xB5B7,0xB5B7,0xB5B7,0xB5B7,0xB5B7,0xB5B7,0xB5B7,0xB5B7,0xB5B7,0xB5B7,0xB5B7,0x6B8F,0x2923,
  0x2923,0x6B8F,0x6B8F,0x6B8F,0x6B8F,0x6B8F,0x6B8F,0x2923,0x2923,0x2923,0x6B8F,0x6B8F,0x6B8F,0x6B8F,0x6B8F,0x6B8F,
  0x6B8F,0x6B8F,0x6B8F,0x6B8F,0x6B8F,0x6B8F,0x6B8F,0x6B8F,0x6B8F,0x6B8F,0x6B8F,0x6B8F,0x6B8F,0x2923,0x2923,0x2923,
  0x6B8F,0x6B8F,0x6B8F,0x6B8F,0x6B8F,0x6B8F,0x6B8F,0x6B8F,0x6B8F,0x6B8F,0x6B8F,0x6B8F,0x6B8F,0x6B8F,0x6B8F,0x6B8F,
  0x6B8F,0x6B8F,0x6B8F,0x2923,0x2923,0x2923,0x6B8F,0x6B8F,0x6B8F,0x6B8F,0x6B8F,0x6B8F,0x6B8F,0x6B8F,0x6B8F,0x6B8F,
  0x6B8F,0x6B8F,0x6B8F,0x6B8F,0x6B8F,0x6B8F,0x6B8F,0x6B8F,0x6B8F,0x2923,0x2923,0x2923,0x6B8F,0x6B8F,0x6B8F,0x6B8F,
  0x6B8F,0x6B8F,0x6B8F,0x6B8F,0x6B8F,0x6B8F,0x6B8F,0x6B8F,0x6B8F,0x2923,0x2923,0x6B8F,0x6B8F,0x6B8F,0x6B8F,0x6B8F,
  0x6B8F,0x2923,0x2923,0x2923,0x6B8F,0x6B8F,0x6B8F,0x6B8F,0x6B8F,0x6B8F,0x6B8F,0x6B8F,0x6B8F,0x6B8F,0x6B8F,0x6B8F,
  0x6B8F,0x6B8F,0x6B8F,0x6B8F,0x6B8F,0x6B8F,0x6B8F,0x2923,0x2923,0x2923,0x6B8F,0x6B8F,0x6B8F,0x6B8F,0x6B8F,0x6B8F,
  0x6B8F,0x6B8F,0x6B8F,0x6B8F,0x6B8F,0x6B8F,0x6B8F,0x6B8F,0x6B8F,0x6B8F,0x6B8F,0x6B8F,0x6B8F,0x2923,0x2923,0x2923,
  0x6B8F,0x6B8F,0x6B8F,0x6B8F,0x6B8F,0x6B8F,0x6B8F,0x6B8F,0x6B8F,0x6B8F,0x6B8F,0x6B8F,0x6B8F,0x6B8F,0x6B8F,0x6B8F,
  0x6B8F,0x6B8F,0x6B8F,0x2923,0x2923,0x2923,0x6B8F,0x6B8F,0x6B8F,0x6B8F,0x6B8F,0x6B8F,0x6B8F,0x6B8F,0x6B8F,0x6B8F,
  0x6B8F,0x6B8F,0x6B8F,0x2923,0x2923,0x6B8F,0x6B8F,0x6B8F,0x6B8F,0x6B8F,0x6B8F,0x2923,0x2923,0x2923,0x6B8F,0x6B8F,
  0x6B8F,0x6B8F,0x6B8F,0x6B8F,0x6B8F,0x6B8F,0x6B8F,0x6B8F,0x6B8F,0x6B8F,0x6B8F,0x6B8F,0x6B8F,0x6B8F,0x6B8F,0x6B8F,
  0x6B8F,0x2923,0x2923,0x2923,0x6B8F,0x6B8F,0x6B8F,0x6B8F,0x6B8F,0x6B8F,0x6B8F,0x6B8F,0x6B8F,0x6B8F,0x6B8F,0x6B8F,
  0x6B8F,0x6B8F,0x6B8F,0x6B8F,0x6B8F,0x6B8F,0x6B8F,0x2923,0x2923,0x2923,0x6B8F,0x6B8F,0x6B8F,0x6B8F,0x6B8F,0x6B8F,
  0x6B8F,0x6B8F,0x6B8F,0x6B8F,0x6B8F,0x6B8F,0x6B8F,0x6B8F,0x6B8F,0x6B8F,0x6B8F,0x6B8F,0x6B8F,0x2923,0x2923,0x2923,
  0x6B8F,0x6B8F,0x6B8F,0x6B8F,0x6B8F,0x6B8F,0x6B8F,0x6B8F,0x6B8F,0x6B8F,0x6B8F,0x6B8F,0x6B8F,0x2923,0x2923,0x6B8F,
  0x6B8F,0x6B8F,0x6B8F,0x6B8F,0x6B8F,0x6B8F,0x6B8F,0x6B8F,0x6B8F,0x6B8F,0x6B8F,0x6B8F,0x6B8F,0x6B8F,0x6B8F,0x6B8F,
  0x6B8F,0x6B8F,0x6B8F,0x6B8F,0x6B8F,0x6B8F,0x6B8F,0x6B8F,0x6B8F,0x6B8F,0x6B8F,0x6B8F,0x6B8F,0x6B8F,0x6B8F,0x6B8F,
  0x6B8F,0x6B8F,0x6B8F,0x6B8F,0x6B8F,0x6B8F,0x6B8F,0x6B8F,0x6B8F,0x6B8F,0x6B8F,0x6B8F,0x6B8F,0x6B8F,0x6B8F,0x6B8F,
  0x6B8F,0x6B8F,0x6B8F,0x6B8F,0x6B8F,0x6B8F,0x6B8F,0x6B8F,0x6B8F,0x6B8F,0x6B8F,0x6B8F,0x6B8F,0x6B8F,0x6B8F,0x6B8F,
  0x6B8F,0x6B8F,0x6B8F,0x6B8F,0x6B8F,0x6B8F,0x6B8F,0x6B8F,0x6B8F,0x6B8F,0x6B8F,0x6B8F,0x6B8F,0x6B8F,0x6B8F,0x6B8F,
  0x6B8F,0x6B8F,0x6B8F,0x6B8F,0x6B8F,0x6B8F,0x6B8F,0x2923,0x2923,0x2923,0x2923,0x2923,0x2923,0x2923,0x2923,0x2923,
  0x2923,0x2923,0x2923,0x2923,0x2923,0x2923,0x2923,0x2923,0x2923,0x2923,0x2923,0x2923,0x2923,0x2923,0x2923,0x2923,
  0x2923,0x2923,0x2923,0x2923,0x2923,0x2923,0x2923,0x2923,0x2923,0x2923,0x2923,0x2923,0x2923,0x2923,0x2923,0x2923,
  0x2923,0x2923,0x2923,0x2923,0x2923,0x2923,0x2923,0x2923,0x2923,0x2923,0x2923,0x2923,0x2923,0x2923,0x2923,0x2923,
  0x2923,0x2923,0x2923,0x2923,0x2923,0x2923,0x2923,0x2923,0x2923,0x2923,0x2923,0x2923,0x2923,0x2923,0x2923,0x2923,
  0x2923,0x2923,0x2923,0x2923,0x2923,0x2923,0x2923,0x2923,0x2923,0x2923,0x2923,0x2923,0x2923,0x2923,0x2923,0x2923,
  0x2923,0x2923
};
constexpr SpriteImg SPR_SPIKES = { spr_spikes_px, 90, 29 };

static const uint16_t spr_tree_a_px[] = {
  0xF81F,0xF81F,0xF81F,0xF81F,0xF81F,0xF81F,0xF81F,0xF81F,0xF81F,0xF81F,0xF81F,0xF81F,0xF81F,0x2923,0x2923,0x2923,
  0xF81F,0xF81F,0xF81F,0xF81F,0xF81F,0xF81F,0xF81F,0xF81F,0xF81F,0xF81F,0xF81F,0xF81F,0xF81F,0xF81F,0xF81F,0xF81F,
  0xF81F,0xF81F,0xF81F,0xF81F,0xF81F,0x2923,0x2923,0x2923,0x2923,0x2923,0x2923,0x4405,0x2923,0x2923,0x2923,0x2923,
  0x2923,0x2923,0xF81F,0xF81F,0xF81F,0xF81F,0xF81F,0xF81F,0xF81F,0xF81F,0xF81F,0xF81F,0xF81F,0xF81F,0xF81F,0xF81F,
  0xF81F,0x2923,0x2923,0x4405,0x4405,0x4405,0x4405,0x4405,0x4405,0x4405,0x4405,0x4405,0x4405,0x4405,0x2923,0x2923,
  0xF81F,0xF81F,0xF81F,0xF81F,0xF81F,0xF81F,0xF81F,0xF81F,0xF81F,0xF81F,0xF81F,0xF81F,0x2923,0x2923,0x2923,0x4405,
  0x4405,0x4405,0x6DC8,0x4405,0x4405,0x4405,0x4405,0x4405,0x4405,0x4405,0x4405,0x4405,0x2923,0x2923,0x2923,0xF81F,
  0xF81F,0xF81F,0xF81F,0xF81F,0xF81F,0xF81F,0xF81F,0xF81F,0x2923,0x2923,0x4405,0x4405,0x6DC8,0x6DC8,0x6DC8,0x6DC8,
  0x6DC8,0x6DC8,0x6DC8,0x4405,0x4405,0x4405,0x4405,0x4405,0x4405,0x4405,0x4405,0x2923,0x2923,0xF81F,0xF81F,0xF81F,
  0xF81F,0xF81F,0xF81F,0xF81F,0xF81F,0x2923,0x4405,0x4405,0x6DC8,0x6DC8,0x6DC8,0x6DC8,0x6DC8,0x6DC8,0x6DC8,0x6DC8,
  0x6DC8,0x4405,0x4405,0x4405,0x4405,0x4405,0x4405,0x4405,0x4405,0x2923,0xF81F,0xF81F,0xF81F,0xF81F,0xF81F,0xF81F,
  0xF81F,0xF81F,0x2923,0x4405,0x6DC8,0x6DC8,0x6DC8,0x6DC8,0x6DC8,0x6DC8,0x6DC8,0x6DC8,0x6DC8,0x6DC8,0x6DC8,0x4405,
  0x4405,0x4405,0x4405,0x4405,0x4405,0x4405,0x2923,0xF81F,0xF81F,0xF81F,0xF81F,0xF81F,0xF81F,0xF81F,0x2923,0x2923,
  0x4405,0x4405,0x6DC8,0x6DC8,0x6DC8,0x6DC8,0x6DC8,0x6DC8,0x6DC8,0x6DC8,0x6DC8,0x4405,0x4405,0x4405,0x2923,0x2923,
  0x2923,0x4405,0x4405,0x2923,0x2923,0xF81F,0xF81F,0xF81F,0xF81F,0xF81F,0xF81F,0x2923,0x2923,0x2923,0x2923,0x2923,
  0x6DC8,0x6DC8,0x6DC8,0x6DC8,0x6DC8,0x6DC8,0x6DC8,0x2923,0x2923,0x2923,0x2923,0x6DC8,0x4405,0x2923,0x2923,0x2923,
  0x2923,0x2923,0xF81F,0xF81F,0xF81F,0xF81F,0xF81F,0x2923,0x2923,0x4405,0x4405,0x4405,0x4405,0x4405,0x4405,0x4405,
  0x6DC8,0x4405,0x2923,0x2923,0x2923,0x4405,0x6DC8,0x6DC8,0x6DC8,0x6DC8,0x6DC8,0x4405,0x4405,0x4405,0x2923,0x2923,
  0xF81F,0xF81F,0xF81F,0x2923,0x2923,0x4405,0x4405,0x4405,0x4405,0x4405,0x4405,0x4405,0x4405,0x4405,0x4405,0x2923,
  0x2923,0x4405,0x6DC8,0x6DC8,0x6DC8,0x6DC8,0x6DC8,0x6DC8,0x6DC8,0x4405,0x4405,0x4405,0x2923,0x2923,0xF81F,0xF81F,
  0x2923,0x4405,0x4405,0x4405,0x4405,0x4405,0x4405,0x4405,0x4405,0x4405,0x4405,0x4405,0x2923,0x4405,0x4405,0x4405,
  0x6DC8,0x6DC8,0x6DC8,0x6DC8,0x6DC8,0x4405,0x4405,0x4405,0x4405,0x4405,0x2923,0xF81F,0x2923,0x2923,0x4405,0x4405,
  0x4405,0x4405,0x4405,0x4405,0x4405,0x4405,0x4405,0x4405,0x2923,0x2923,0x4405,0x4405,0x4405,0x4405,0x4405,0x6DC8,
  0x4405,0x4405,0x4405,0x4405,0x4405,0x4405,0x4405,0x2923,0x2923,0x2923,0x4405,0x4405,0x4405,0x4405,0x4405,0x4405,
  0x4405,0x4405,0x4405,0x4405,0x4405,0x2923,0x4405,0x4405,0x4405,0x4405,0x4405,0x4405,0x4405,0x4405,0x4405,0x4405,
  0x4405,0x4405,0x4405,0x4405,0x4405,0x2923,0x2923,0x2923,0x4405,0x4405,0x4405,0x4405,0x4405,0x4405,0x4405,0x4405,
  0x4405,0x4405,0x2923,0x2923,0x4405,0x4405,0x4405,0x4405,0x4405,0x4405,0x4405,0x4405,0x4405,0x4405,0x4405,0x4405,
  0x4405,0x2923,0x2923,0xF81F,0x2923,0x4405,0x4405,0x4405,0x4405,0x4405,0x4405,0x4405,0x4405,0x4405,0x4405,0x4405,
  0x2923,0x4405,0x4405,0x4405,0x4405,0x4405,0x4405,0x4405,0x4405,0x4405,0x4405,0x4405,0x4405,0x4405,0x2923,0xF81F,
  0xF81F,0x2923,0x2923,0x4405,0x4405,0x4405,0x4405,0x4405,0x4405,0x4405,0x4405,0x4405,0x4405,0x2923,0x2923,0x4405,
  0x4405,0x4405,0x4405,0x4405,0x4405,0x4405,0x4405,0x4405,0x4405,0x4405,0x2923,0x2923,0xF81F,0xF81F,0xF81F,0x2923,
  0x2923,0x4405,0x4405,0x4405,0x4405,0x4405,0x4405,0x4405,0x4405,0x4405,0x2923,0x2923,0x2923,0x4405,0x4405,0x4405,
  0x4405,0x4405,0x4405,0x4405,0x4405,0x4405,0x2923,0x2923,0xF81F,0xF81F,0xF81F,0xF81F,0xF81F,0x2923,0x2923,0x2923,
  0x2923,0x2923,0x4405,0x2923,0x2923,0x2923,0x2923,0x2923,0x93AA,0x2923,0x2923,0x2923,0x2923,0x2923,0x4405,0x2923,
  0x2923,0x2923,0x2923,0x2923,0xF81F,0xF81F,0xF81F,0xF81F,0xF81F,0xF81F,0xF81F,0xF81F,0xF81F,0xF81F,0x2923,0x2923,
  0x2923,0xF81F,0x2923,0x6A66,0x6A66,0x93AA,0x93AA,0x93AA,0x6A66,0x2923,0x2923,0x2923,0x2923,0xF81F,0xF81F,0xF81F,
  0xF81F,0xF81F,0xF81F,0xF81F,0xF81F,0xF81F,0xF81F,0xF81F,0xF81F,0xF81F,0xF81F,0xF81F,0xF81F,0xF81F,0xF81F,0x2923,
  0x6A66,0x6A66,0x93AA,0x93AA,0x93AA,0x6A66,0x6A66,0x2923,0xF81F,0xF81F,0xF81F,0xF81F,0xF81F,0xF81F,0xF81F,0xF81F,
  0xF81F,0xF81F,0xF81F,0xF81F,0xF81F,0xF81F,0xF81F,0xF81F,0xF81F,0xF81F,0xF81F,0xF81F,0x2923,0x6A66,0x6A66,0x93AA,
  0x93AA,0x93AA,0x6A66,0x6A66,0x2923,0xF81F,0xF81F,0xF81F,0xF81F,0xF81F,0xF81F,0xF81F,0xF81F,0xF81F,0xF81F,0xF81F,
  0xF81F,0xF81F,0xF81F,0xF81F,0xF81F,0xF81F,0xF81F,0xF81F,0xF81F,0x2923,0x6A66,0x6A66,0x93AA,0x93AA,0x93AA,0x6A66,
  0x6A66,0x2923,0xF81F,0xF81F,0xF81F,0xF81F,0xF81F,0xF81F,0xF81F,0xF81F,0xF81F,0xF81F,0xF81F,0xF81F,0xF81F,0xF81F,
  0xF81F,0xF81F,0xF81F,0xF81F,0xF81F,0xF81F,0x2923,0x6A66,0x6A66,0x93AA,0x93AA,0x93AA,0x6A66,0x6A66,0x2923,0xF81F,
  0xF81F,0xF81F,0xF81F,0xF81F,0xF81F,0xF81F,0xF81F,0xF81F,0xF81F,0xF81F,0xF81F,0xF81F,0xF81F,0xF81F,0xF81F,0xF81F,
  0xF81F,0xF81F,0xF81F,0x2923,0x2923,0x2923,0x2923,0x2923,0x2923,0x2923,0x6A66,0x2923,0xF81F,0xF81F,0xF81F,0xF81F,
  0xF81F,0xF81F,0xF81F,0xF81F,0xF81F,0xF81F,0xF81F,0xF81F,0xF81F,0xF81F,0xF81F,0xF81F,0xF81F,0x2923,0x2923,0x2923,
  0x2923,0x2923,0x6A66,0x6A66,0x6A66,0x6A66,0x2923,0x2923,0x2923,0x2923,0xF81F,0xF81F,0xF81F,0xF81F,0xF81F,0xF81F,
  0xF81F,0xF81F,0xF81F,0xF81F,0xF81F,0xF81F,0xF81F,0xF81F,0x2923,0x2923,0x2923,0x6A66,0x6A66,0x6A66,0x6A66,0x2923,
  0x2923,0x2923,0x2923,0x6A66,0x6A66,0x6A66,0x2923,0x2923,0x2923,0xF81F,0xF81F,0xF81F,0xF81F,0xF81F,0xF81F,0xF81F,
  0xF81F,0xF81F,0xF81F,0xF81F,0xF81F,0x2923,0x6A66,0x6A66,0x2923,0x2923,0x2923,0x2923,0x2923,0x2923,0x2923,0x2923,
  0x2923,0x2923,0x2923,0x6A66,0x6A66,0x2923,0xF81F,0xF81F,0xF81F,0xF81F,0xF81F,0xF81F,0xF81F,0xF81F,0xF81F,0xF81F,
  0xF81F,0xF81F,0x2923,0x2923,0x2923,0x2923,0xF81F,0xF81F,0xF81F,0xF81F,0xF81F,0xF81F,0xF81F,0xF81F,0xF81F,0x2923,
  0x2923,0x2923,0x2923,0xF81F,0xF81F,0xF81F,0xF81F,0xF81F,0xF81F
};
constexpr SpriteImg SPR_TREE_A = { spr_tree_a_px, 29, 29 };

static const uint16_t spr_tree_b_px[] = {
  0xF81F,0xF81F,0xF81F,0xF81F,0xF81F,0xF81F,0xF81F,0x2923,0x2923,0x2923,0x2923,0x2923,0x4405,0x2923,0x2923,0x2923,
  0x2923,0x2923,0xF81F,0xF81F,0xF81F,0xF81F,0xF81F,0xF81F,0xF81F,0xF81F,0xF81F,0xF81F,0xF81F,0xF81F,0xF81F,0xF81F,
  0xF81F,0x2923,0x2923,0x4405,0x4405,0x4405,0x4405,0x4405,0x4405,0x4405,0x4405,0x4405,0x2923,0x2923,0xF81F,0xF81F,
  0xF81F,0xF81F,0xF81F,0xF81F,0xF81F,0xF81F,0xF81F,0xF81F,0xF81F,0xF81F,0xF81F,0x2923,0x2923,0x4405,0x4405,0x4405,
  0x6DC8,0x4405,0x4405,0x4405,0x4405,0x4405,0x4405,0x4405,0x2923,0x2923,0xF81F,0xF81F,0xF81F,0xF81F,0xF81F,0xF81F,
  0xF81F,0xF81F,0xF81F,0xF81F,0xF81F,0x2923,0x2923,0x4405,0x4405,0x6DC8,0x6DC8,0x6DC8,0x6DC8,0x6DC8,0x4405,0x4405,
  0x4405,0x4405,0x4405,0x4405,0x2923,0x2923,0xF81F,0xF81F,0xF81F,0xF81F,0xF81F,0xF81F,0xF81F,0xF81F,0xF81F,0xF81F,
  0x2923,0x4405,0x4405,0x6DC8,0x6DC8,0x6DC8,0x6DC8,0x6DC8,0x6DC8,0x6DC8,0x4405,0x4405,0x4405,0x4405,0x4405,0x4405,
  0x2923,0xF81F,0xF81F,0xF81F,0xF81F,0xF81F,0xF81F,0xF81F,0xF81F,0xF81F,0xF81F,0x2923,0x4405,0x6DC8,0x6DC8,0x6DC8,
  0x6DC8,0x6DC8,0x6DC8,0x6DC8,0x6DC8,0x6DC8,0x4405,0x4405,0x4405,0x4405,0x4405,0x2923,0xF81F,0xF81F,0xF81F,0xF81F,
  0xF81F,0xF81F,0xF81F,0xF81F,0xF81F,0x2923,0x2923,0x4405,0x4405,0x6DC8,0x6DC8,0x6DC8,0x6DC8,0x6DC8,0x6DC8,0x6DC8,
  0x4405,0x4405,0x4405,0x4405,0x4405,0x4405,0x2923,0x2923,0xF81F,0xF81F,0xF81F,0xF81F,0xF81F,0xF81F,0xF81F,0xF81F,
  0x2923,0x4405,0x4405,0x4405,0x2923,0x6DC8,0x6DC8,0x6DC8,0x6DC8,0x6DC8,0x4405,0x4405,0x4405,0x4405,0x4405,0x4405,
  0x4405,0x4405,0x2923,0xF81F,0xF81F,0xF81F,0xF81F,0xF81F,0xF81F,0xF81F,0xF81F,0x2923,0x2923,0x2923,0x2923,0x2923,
  0x4405,0x2923,0x6DC8,0x2923,0x2923,0x4405,0x4405,0x4405,0x2923,0x2923,0x2923,0x4405,0x2923,0x2923,0xF81F,0xF81F,
  0xF81F,0xF81F,0xF81F,0xF81F,0xF81F,0x2923,0x2923,0x2923,0x4405,0x4405,0x4405,0x4405,0x4405,0x4405,0x4405,0x2923,
  0x2923,0x2923,0x2923,0x6DC8,0x4405,0x2923,0x2923,0x2923,0x2923,0x2923,0xF81F,0xF81F,0xF81F,0xF81F,0xF81F,0x2923,
  0x2923,0x4405,0x4405,0x4405,0x4405,0x4405,0x4405,0x4405,0x4405,0x2923,0x2923,0x4405,0x6DC8,0x6DC8,0x6DC8,0x6DC8,
  0x6DC8,0x4405,0x4405,0x4405,0x2923,0x2923,0xF81F,0xF81F,0xF81F,0xF81F,0x2923,0x4405,0x4405,0x4405,0x4405,0x4405,
  0x4405,0x4405,0x4405,0x2923,0x2923,0x4405,0x6DC8,0x6DC8,0x6DC8,0x6DC8,0x6DC8,0x6DC8,0x6DC8,0x4405,0x4405,0x4405,
  0x2923,0x2923,0xF81F,0xF81F,0xF81F,0x2923,0x4405,0x4405,0x4405,0x4405,0x4405,0x4405,0x4405,0x2923,0x2923,0x4405,
  0x6DC8,0x6DC8,0x6DC8,0x6DC8,0x6DC8,0x6DC8,0x6DC8,0x6DC8,0x6DC8,0x4405,0x4405,0x4405,0x2923,0x2923,0xF81F,0x2923,
  0x2923,0x4405,0x4405,0x4405,0x4405,0x4405,0x4405,0x4405,0x2923,0x4405,0x4405,0x4405,0x6DC8,0x6DC8,0x6DC8,0x6DC8,
  0x6DC8,0x6DC8,0x6DC8,0x4405,0x4405,0x4405,0x4405,0x4405,0x2923,0xF81F,0x2923,0x4405,0x4405,0x4405,0x4405,0x4405,
  0x4405,0x4405,0x2923,0x2923,0x4405,0x4405,0x4405,0x4405,0x6DC8,0x6DC8,0x6DC8,0x6DC8,0x6DC8,0x4405,0x4405,0x4405,
  0x4405,0x4405,0x4405,0x2923,0x2923,0x2923,0x2923,0x4405,0x4405,0x4405,0x4405,0x4405,0x4405,0x2923,0x4405,0x4405,
  0x4405,0x4405,0x4405,0x4405,0x4405,0x6DC8,0x4405,0x4405,0x4405,0x4405,0x4405,0x4405,0x4405,0x4405,0x4405,0x2923,
  0xF81F,0x2923,0x4405,0x4405,0x4405,0x4405,0x4405,0x4405,0x2923,0x2923,0x4405,0x4405,0x4405,0x4405,0x4405,0x4405,
  0x4405,0x4405,0x4405,0x4405,0x4405,0x4405,0x4405,0x4405,0x4405,0x2923,0x2923,0xF81F,0x2923,0x4405,0x4405,0x4405,
  0x4405,0x4405,0x4405,0x4405,0x2923,0x4405,0x4405,0x4405,0x4405,0x4405,0x4405,0x4405,0x4405,0x4405,0x4405,0x4405,
  0x4405,0x4405,0x4405,0x4405,0x2923,0xF81F,0xF81F,0x2923,0x2923,0x4405,0x4405,0x4405,0x4405,0x4405,0x4405,0x2923,
  0x2923,0x4405,0x4405,0x4405,0x4405,0x4405,0x4405,0x4405,0x4405,0x4405,0x4405,0x4405,0x4405,0x4405,0x2923,0x2923,
  0xF81F,0xF81F,0xF81F,0x2923,0x2923,0x2923,0x4405,0x4405,0x4405,0x4405,0x4405,0x2923,0x2923,0x4405,0x4405,0x4405,
  0x4405,0x4405,0x4405,0x4405,0x4405,0x4405,0x4405,0x4405,0x2923,0x2923,0xF81F,0xF81F,0xF81F,0xF81F,0xF81F,0xF81F,
  0x2923,0x2923,0x2923,0x2923,0x4405,0x2923,0x2923,0x2923,0x2923,0x4405,0x4405,0x4405,0x4405,0x4405,0x4405,0x4405,
  0x4405,0x4405,0x2923,0x2923,0xF81F,0xF81F,0xF81F,0xF81F,0xF81F,0xF81F,0xF81F,0xF81F,0xF81F,0xF81F,0x2923,0x2923,
  0x2923,0x6A66,0x6A66,0x2923,0x2923,0x2923,0x2923,0x2923,0x4405,0x2923,0x2923,0x2923,0x2923,0x2923,0xF81F,0xF81F,
  0xF81F,0xF81F,0xF81F,0xF81F,0xF81F,0xF81F,0xF81F,0xF81F,0xF81F,0xF81F,0xF81F,0x2923,0x6A66,0x6A66,0x93AA,0x93AA,
  0x93AA,0x6A66,0x2923,0x2923,0x2923,0xF81F,0xF81F,0xF81F,0xF81F,0xF81F,0xF81F,0xF81F,0xF81F,0xF81F,0xF81F,0xF81F,
  0xF81F,0xF81F,0xF81F,0xF81F,0xF81F,0xF81F,0x2923,0x6A66,0x6A66,0x93AA,0x93AA,0x93AA,0x6A66,0x6A66,0x2923,0xF81F,
  0xF81F,0xF81F,0xF81F,0xF81F,0xF81F,0xF81F,0xF81F,0xF81F,0xF81F,0xF81F,0xF81F,0xF81F,0xF81F,0xF81F,0xF81F,0xF81F,
  0xF81F,0x2923,0x6A66,0x6A66,0x93AA,0x93AA,0x93AA,0x6A66,0x6A66,0x2923,0xF81F,0xF81F,0xF81F,0xF81F,0xF81F,0xF81F,
  0xF81F,0xF81F,0xF81F,0xF81F,0xF81F,0xF81F,0xF81F,0xF81F,0xF81F,0xF81F,0xF81F,0xF81F,0x2923,0x6A66,0x6A66,0x93AA,
  0x93AA,0x93AA,0x6A66,0x6A66,0x2923,0xF81F,0xF81F,0xF81F,0xF81F,0xF81F,0xF81F,0xF81F,0xF81F,0xF81F,0xF81F,0xF81F,
  0xF81F,0xF81F,0xF81F,0xF81F,0xF81F,0xF81F,0xF81F,0x2923,0x6A66,0x6A66,0x93AA,0x93AA,0x93AA,0x6A66,0x6A66,0x2923,
  0xF81F,0xF81F,0xF81F,0xF81F,0xF81F,0xF81F,0xF81F,0xF81F,0xF81F,0xF81F,0xF81F,0xF81F,0xF81F,0xF81F,0xF81F,0xF81F,
  0xF81F,0xF81F,0x2923,0x2923,0x2923,0x2923,0x2923,0x2923,0x2923,0x6A66,0x2923,0xF81F,0xF81F,0xF81F,0xF81F,0xF81F,
  0xF81F,0xF81F,0xF81F,0xF81F,0xF81F,0xF81F,0xF81F,0xF81F,0xF81F,0xF81F,0x2923,0x2923,0x2923,0x2923,0x2923,0x6A66,
  0x6A66,0x6A66,0x6A66,0x2923,0x2923,0x2923,0x2923,0xF81F,0xF81F,0xF81F,0xF81F,0xF81F,0xF81F,0xF81F,0xF81F,0xF81F,
  0xF81F,0xF81F,0xF81F,0x2923,0x2923,0x2923,0x6A66,0x6A66,0x6A66,0x6A66,0x2923,0x2923,0x2923,0x2923,0x6A66,0x6A66,
  0x6A66,0x2923,0x2923,0x2923,0xF81F,0xF81F,0xF81F,0xF81F,0xF81F,0xF81F,0xF81F,0xF81F,0xF81F,0xF81F,0x2923,0x6A66,
  0x6A66,0x2923,0x2923,0x2923,0x2923,0x2923,0x2923,0x2923,0x2923,0x2923,0x2923,0x2923,0x6A66,0x6A66,0x2923,0xF81F,
  0xF81F,0xF81F,0xF81F,0xF81F,0xF81F,0xF81F,0xF81F,0xF81F,0xF81F,0x2923,0x2923,0x2923,0x2923,0xF81F,0xF81F,0xF81F,
  0xF81F,0xF81F,0xF81F,0xF81F,0xF81F,0xF81F,0x2923,0x2923,0x2923,0x2923,0xF81F,0xF81F,0xF81F,0xF81F,0xF81F,0xF81F
};
constexpr SpriteImg SPR_TREE_B = { spr_tree_b_px, 27, 32 };

static const uint16_t spr_torii_px[] = {
  0x2923,0x2923,0x2923,0x2923,0x2923,0x2923,0x2923,0x2923,0x2923,0x2923,0x2923,0x2923,0x2923,0x2923,0x2923,0x2923,
  0x2923,0x2923,0x2923,0x2923,0x2923,0x2923,0x2923,0x2923,0x2923,0x2923,0x2923,0x2923,0xD9C6,0xD9C6,0xD9C6,0xD9C6,
  0xD9C6,0xD9C6,0xD9C6,0xD9C6,0xD9C6,0xD9C6,0xD9C6,0xD9C6,0xD9C6,0xD9C6,0xD9C6,0xD9C6,0xD9C6,0xD9C6,0xD9C6,0xD9C6,
  0xD9C6,0xD9C6,0xD9C6,0xD9C6,0xD9C6,0x2923,0x2923,0xD9C6,0x8903,0x8903,0x8903,0x8903,0x8903,0x8903,0x8903,0x8903,
  0x8903,0x8903,0x8903,0x8903,0x8903,0x8903,0x8903,0x8903,0x8903,0x8903,0x8903,0x8903,0x8903,0x8903,0x8903,0xD9C6,
  0x2923,0x2923,0xD9C6,0xD9C6,0xD9C6,0x2923,0x2923,0x2923,0x2923,0x2923,0x2923,0xD9C6,0xD9C6,0xD9C6,0xD9C6,0xD9C6,
  0xD9C6,0xD9C6,0x2923,0x2923,0x2923,0x2923,0x2923,0x2923,0xD9C6,0xD9C6,0xD9C6,0x2923,0x2923,0xD9C6,0xD9C6,0xD9C6,
  0x2923,0xD9C6,0xD9C6,0xD9C6,0xD9C6,0x2923,0xD9C6,0xD9C6,0xD9C6,0xD9C6,0xD9C6,0xD9C6,0xD9C6,0x2923,0xD9C6,0xD9C6,
  0xD9C6,0xD9C6,0x2923,0xD9C6,0xD9C6,0xD9C6,0x2923,0x2923,0x2923,0x2923,0x2923,0x2923,0xD9C6,0xD9C6,0xD9C6,0xD9C6,
  0x2923,0x2923,0x2923,0x2923,0x2923,0x2923,0x2923,0x2923,0x2923,0xD9C6,0xD9C6,0xD9C6,0xD9C6,0x2923,0x2923,0x2923,
  0x2923,0x2923,0xF81F,0xF81F,0xF81F,0x2923,0x2923,0xD9C6,0xC9E6,0xC9E6,0xD9C6,0x2923,0xD9C6,0xD9C6,0xD9C6,0xD9C6,
  0xD9C6,0xD9C6,0xD9C6,0x2923,0xD9C6,0xC9E6,0xC9E6,0xD9C6,0x2923,0x2923,0xF81F,0xF81F,0xF81F,0xF81F,0xF81F,0xF81F,
  0x2923,0x2923,0xD9C6,0xC9E6,0xC9E6,0xD9C6,0x2923,0xD9C6,0xD9C6,0xD9C6,0xD9C6,0xD9C6,0xD9C6,0xD9C6,0x2923,0xD9C6,
  0xC9E6,0xC9E6,0xD9C6,0x2923,0x2923,0xF81F,0xF81F,0xF81F,0xF81F,0xF81F,0xF81F,0x2923,0x2923,0xD9C6,0xC9E6,0xC9E6,
  0xD9C6,0x2923,0xD9C6,0xD9C6,0xD9C6,0xD9C6,0xD9C6,0xD9C6,0xD9C6,0x2923,0xD9C6,0xC9E6,0xC9E6,0xD9C6,0x2923,0x2923,
  0xF81F,0xF81F,0xF81F,0xF81F,0xF81F,0xF81F,0x2923,0x2923,0xD9C6,0xC9E6,0xC9E6,0xD9C6,0x2923,0x2923,0x2923,0x2923,
  0x2923,0x2923,0x2923,0x2923,0x2923,0xD9C6,0xC9E6,0xC9E6,0xD9C6,0x2923,0x2923,0xF81F,0xF81F,0xF81F,0xF81F,0xF81F,
  0xF81F,0xF81F,0x2923,0xD9C6,0xC9E6,0xC9E6,0xD9C6,0x2923,0xF81F,0xF81F,0xF81F,0xF81F,0xF81F,0xF81F,0xF81F,0x2923,
  0xD9C6,0xC9E6,0xC9E6,0xD9C6,0x2923,0xF81F,0xF81F,0xF81F,0xF81F,0xF81F,0xF81F,0xF81F,0xF81F,0x2923,0xD9C6,0xC9E6,
  0xC9E6,0xD9C6,0x2923,0xF81F,0xF81F,0xF81F,0xF81F,0xF81F,0xF81F,0xF81F,0x2923,0xD9C6,0xC9E6,0xC9E6,0xD9C6,0x2923,
  0xF81F,0xF81F,0xF81F,0xF81F,0xF81F,0xF81F,0xF81F,0xF81F,0x2923,0xD9C6,0xC9E6,0xC9E6,0xD9C6,0x2923,0xF81F,0xF81F,
  0xF81F,0xF81F,0xF81F,0xF81F,0xF81F,0x2923,0xD9C6,0xC9E6,0xC9E6,0xD9C6,0x2923,0xF81F,0xF81F,0xF81F,0xF81F,0xF81F,
  0xF81F,0xF81F,0xF81F,0x2923,0xD9C6,0xC9E6,0xC9E6,0xD9C6,0x2923,0xF81F,0xF81F,0xF81F,0xF81F,0xF81F,0xF81F,0xF81F,
  0x2923,0xD9C6,0xC9E6,0xC9E6,0xD9C6,0x2923,0xF81F,0xF81F,0xF81F,0xF81F,0xF81F,0xF81F,0xF81F,0xF81F,0x2923,0xD9C6,
  0xC9E6,0xC9E6,0xD9C6,0x2923,0xF81F,0xF81F,0xF81F,0xF81F,0xF81F,0xF81F,0xF81F,0x2923,0xD9C6,0xC9E6,0xC9E6,0xD9C6,
  0x2923,0xF81F,0xF81F,0xF81F,0xF81F,0xF81F,0xF81F,0xF81F,0xF81F,0x2923,0xD9C6,0xC9E6,0xC9E6,0xD9C6,0x2923,0xF81F,
  0xF81F,0xF81F,0xF81F,0xF81F,0xF81F,0xF81F,0x2923,0xD9C6,0xC9E6,0xC9E6,0xD9C6,0x2923,0xF81F,0xF81F,0xF81F,0xF81F,
  0xF81F,0xF81F,0xF81F,0xF81F,0x2923,0xD9C6,0xC9E6,0xC9E6,0xD9C6,0x2923,0xF81F,0xF81F,0xF81F,0xF81F,0xF81F,0xF81F,
  0xF81F,0x2923,0xD9C6,0xC9E6,0xC9E6,0xD9C6,0x2923,0xF81F,0xF81F,0xF81F,0xF81F,0xF81F,0xF81F,0xF81F,0xF81F,0x2923,
  0xD9C6,0xC9E6,0xC9E6,0xD9C6,0x2923,0xF81F,0xF81F,0xF81F,0xF81F,0xF81F,0xF81F,0xF81F,0x2923,0xD9C6,0xC9E6,0xC9E6,
  0xD9C6,0x2923,0xF81F,0xF81F,0xF81F,0xF81F,0xF81F,0xF81F,0xF81F,0xF81F,0x2923,0xD9C6,0xC9E6,0xC9E6,0xD9C6,0x2923,
  0xF81F,0xF81F,0xF81F,0xF81F,0xF81F,0xF81F,0xF81F,0x2923,0xD9C6,0xC9E6,0xC9E6,0xD9C6,0x2923,0xF81F,0xF81F,0xF81F,
  0xF81F,0xF81F,0xF81F,0xF81F,0xF81F,0x2923,0xD9C6,0xC9E6,0xC9E6,0xD9C6,0x2923,0xF81F,0xF81F,0xF81F,0xF81F,0xF81F,
  0xF81F,0xF81F,0x2923,0xD9C6,0xC9E6,0xC9E6,0xD9C6,0x2923,0xF81F,0xF81F,0xF81F,0xF81F,0xF81F,0xF81F,0xF81F,0xF81F,
  0x2923,0xD9C6,0xC9E6,0xC9E6,0xD9C6,0x2923,0xF81F,0xF81F,0xF81F,0xF81F,0xF81F,0xF81F,0xF81F,0x2923,0xD9C6,0xC9E6,
  0xC9E6,0xD9C6,0x2923,0xF81F,0xF81F,0xF81F,0xF81F,0xF81F,0xF81F,0xF81F,0xF81F,0x2923,0xD9C6,0xC9E6,0xC9E6,0xD9C6,
  0x2923,0xF81F,0xF81F,0xF81F,0xF81F,0xF81F,0xF81F,0xF81F,0x2923,0xD9C6,0xC9E6,0xC9E6,0xD9C6,0x2923,0xF81F,0xF81F,
  0xF81F,0xF81F,0xF81F,0xF81F,0xF81F,0xF81F,0x2923,0xD9C6,0xC9E6,0xC9E6,0xD9C6,0x2923,0xF81F,0xF81F,0xF81F,0xF81F,
  0xF81F,0xF81F,0xF81F,0x2923,0xD9C6,0xC9E6,0xC9E6,0xD9C6,0x2923,0xF81F,0xF81F,0xF81F,0xF81F,0xF81F,0xF81F,0xF81F,
  0xF81F,0x2923,0xD9C6,0xC9E6,0xC9E6,0xD9C6,0x2923,0xF81F,0xF81F,0xF81F,0xF81F,0xF81F,0xF81F,0xF81F,0x2923,0xD9C6,
  0xC9E6,0xC9E6,0xD9C6,0x2923,0xF81F,0xF81F,0xF81F,0xF81F,0xF81F,0xF81F,0x2923,0x2923,0x2923,0x2923,0x2923,0x2923,
  0x2923,0x2923,0x2923,0x2923,0xF81F,0xF81F,0xF81F,0x2923,0x2923,0x2923,0x2923,0x2923,0x2923,0x2923,0x2923,0x2923,
  0x2923,0xF81F,0xF81F,0xF81F,0xF81F,0x2923,0x6A66,0x6A66,0x6A66,0x6A66,0x6A66,0x6A66,0x6A66,0x6A66,0x2923,0xF81F,
  0xF81F,0xF81F,0x2923,0x6A66,0x6A66,0x6A66,0x6A66,0x6A66,0x6A66,0x6A66,0x6A66,0x2923,0xF81F,0xF81F,0xF81F,0xF81F,
  0x2923,0x6A66,0x6A66,0x6A66,0x6A66,0x6A66,0x6A66,0x6A66,0x6A66,0x2923,0xF81F,0xF81F,0xF81F,0x2923,0x6A66,0x6A66,
  0x6A66,0x6A66,0x6A66,0x6A66,0x6A66,0x6A66,0x2923,0xF81F,0xF81F,0xF81F,0xF81F,0x2923,0x2923,0x2923,0x2923,0x2923,
  0x2923,0x2923,0x2923,0x2923,0x2923,0xF81F,0xF81F,0xF81F,0x2923,0x2923,0x2923,0x2923,0x2923,0x2923,0x2923,0x2923,
  0x2923,0x2923,0xF81F,0xF81F
};
constexpr SpriteImg SPR_TORII = { spr_torii_px, 27, 28 };

static const uint16_t spr_lantern_px[] = {
  0xF81F,0xF81F,0xF81F,0xF81F,0xF81F,0x2923,0x2923,0x2923,0x2923,0x2923,0xF81F,0xF81F,0xF81F,0xF81F,0xF81F,0xF81F,
  0xF81F,0xF81F,0xF81F,0xF81F,0x2923,0x6B8F,0x6B8F,0x6B8F,0x2923,0xF81F,0xF81F,0xF81F,0xF81F,0xF81F,0xF81F,0xF81F,
  0xF81F,0xF81F,0x2923,0x2923,0x6B8F,0x6B8F,0x6B8F,0x2923,0x2923,0xF81F,0xF81F,0xF81F,0xF81F,0xF81F,0xF81F,0xF81F,
  0xF81F,0x2923,0x2923,0x6B8F,0x6B8F,0x6B8F,0x2923,0x2923,0xF81F,0xF81F,0xF81F,0xF81F,0xF81F,0xF81F,0x2923,0x2923,
  0x2923,0x2923,0x2923,0x2923,0x2923,0x2923,0x2923,0x2923,0x2923,0xF81F,0xF81F,0xF81F,0x2923,0x2923,0x6B8F,0x2923,
  0xB5B7,0xB5B7,0xB5B7,0xB5B7,0xB5B7,0x2923,0x6B8F,0x2923,0x2923,0xF81F,0xF81F,0x2923,0x6B8F,0x6B8F,0x2923,0x2923,
  0x2923,0x2923,0x2923,0x2923,0x2923,0x6B8F,0x6B8F,0x2923,0xF81F,0x2923,0x2923,0x6B8F,0x6B8F,0x6B8F,0x6B8F,0x6B8F,
  0x6B8F,0x6B8F,0x6B8F,0x6B8F,0x6B8F,0x6B8F,0x2923,0x2923,0x2923,0x6B8F,0x6B8F,0x6B8F,0x6B8F,0x6B8F,0x6B8F,0x6B8F,
  0x6B8F,0x6B8F,0x6B8F,0x6B8F,0x6B8F,0x6B8F,0x2923,0x2923,0x2923,0x2923,0x2923,0x2923,0x2923,0x2923,0x2923,0x2923,
  0x2923,0x2923,0x2923,0x2923,0x2923,0x2923,0xF81F,0x2923,0x93AA,0x93AA,0x93AA,0x93AA,0x93AA,0x93AA,0x93AA,0x93AA,
  0x93AA,0x93AA,0x93AA,0x2923,0xF81F,0xF81F,0x2923,0x93AA,0x93AA,0xFE87,0xFE87,0xFE87,0x2923,0xFE87,0xFE87,0xFE87,
  0x93AA,0x93AA,0x2923,0xF81F,0xF81F,0x2923,0x93AA,0x93AA,0xFE87,0xFE87,0xFE87,0x2923,0xFE87,0xFE87,0xFE87,0x93AA,
  0x93AA,0x2923,0xF81F,0xF81F,0x2923,0x93AA,0x93AA,0xFE87,0xFE87,0xFE87,0x2923,0xFE87,0xFE87,0xFE87,0x93AA,0x93AA,
  0x2923,0xF81F,0xF81F,0x2923,0x93AA,0x93AA,0xFE87,0xFE87,0xFE87,0x2923,0xFE87,0xFE87,0xFE87,0x93AA,0x93AA,0x2923,
  0xF81F,0xF81F,0x2923,0x93AA,0x93AA,0xFE87,0xFE87,0xFE87,0x2923,0xFE87,0xFE87,0xFE87,0x93AA,0x93AA,0x2923,0xF81F,
  0xF81F,0x2923,0x93AA,0x93AA,0x93AA,0x93AA,0x93AA,0x93AA,0x93AA,0x93AA,0x93AA,0x93AA,0x93AA,0x2923,0xF81F,0xF81F,
  0x2923,0x93AA,0x93AA,0x93AA,0x93AA,0x93AA,0x93AA,0x93AA,0x93AA,0x93AA,0x93AA,0x93AA,0x2923,0xF81F,0xF81F,0x2923,
  0x2923,0x2923,0x2923,0x2923,0x2923,0x2923,0x2923,0x2923,0x2923,0x2923,0x2923,0x2923,0xF81F,0xF81F,0x2923,0x6A66,
  0x6A66,0x6A66,0x6A66,0x6A66,0x6A66,0x6A66,0x6A66,0x6A66,0x6A66,0x6A66,0x2923,0xF81F,0xF81F,0x2923,0x6A66,0x6A66,
  0x6A66,0x6A66,0x6A66,0x6A66,0x6A66,0x6A66,0x6A66,0x6A66,0x6A66,0x2923,0xF81F,0xF81F,0x2923,0x6A66,0x6A66,0x6A66,
  0x6A66,0x6A66,0x6A66,0x6A66,0x6A66,0x6A66,0x6A66,0x6A66,0x2923,0xF81F,0xF81F,0x2923,0x6A66,0x6A66,0x6A66,0x6A66,
  0x6A66,0x6A66,0x6A66,0x6A66,0x6A66,0x6A66,0x6A66,0x2923,0xF81F,0xF81F,0x2923,0x2923,0x2923,0x2923,0x2923,0x2923,
  0x2923,0x2923,0x2923,0x2923,0x2923,0x2923,0x2923,0xF81F,0xF81F,0xF81F,0xF81F,0x2923,0x93AA,0x93AA,0x93AA,0x93AA,
  0x93AA,0x93AA,0x93AA,0x2923,0xF81F,0xF81F,0xF81F,0xF81F,0xF81F,0xF81F,0x2923,0x93AA,0x93AA,0x93AA,0x93AA,0x93AA,
  0x93AA,0x93AA,0x2923,0xF81F,0xF81F,0xF81F,0xF81F,0xF81F,0xF81F,0x2923,0x93AA,0x93AA,0x93AA,0x93AA,0x93AA,0x93AA,
  0x93AA,0x2923,0xF81F,0xF81F,0xF81F,0xF81F,0xF81F,0xF81F,0x2923,0x93AA,0x93AA,0x93AA,0x93AA,0x93AA,0x93AA,0x93AA,
  0x2923,0xF81F,0xF81F,0xF81F,0xF81F,0xF81F,0xF81F,0x2923,0x2923,0x2923,0x2923,0x2923,0x2923,0x2923,0x2923,0x2923,
  0xF81F,0xF81F,0xF81F
};
constexpr SpriteImg SPR_LANTERN = { spr_lantern_px, 15, 29 };

static const uint16_t spr_coin_a_px[] = {
  0xF81F,0xF81F,0xF81F,0xF81F,0xF81F,0x2923,0x2923,0x2923,0xF81F,0xF81F,0xF81F,0xF81F,0xF81F,0xF81F,0xF81F,0x2923,
  0x2923,0x2923,0x2923,0xFE87,0x2923,0x2923,0x2923,0x2923,0xF81F,0xF81F,0xF81F,0x2923,0x2923,0xFE87,0xFE87,0xFE87,
  0xFE87,0xFE87,0xFE87,0xFE87,0x2923,0x2923,0xF81F,0xF81F,0x2923,0xFE87,0xFE87,0xFE87,0xFE87,0xFFFF,0xFFFF,0xFE87,
  0xFE87,0xFE87,0x2923,0xF81F,0xF81F,0x2923,0xFE87,0xBC62,0xFE87,0xFE87,0xFFFF,0xFFFF,0xFE87,0xFE87,0xFE87,0x2923,
  0xF81F,0x2923,0x2923,0xFE87,0xBC62,0xFE87,0xFE87,0xFE87,0xFE87,0xFE87,0xFE87,0xFE87,0x2923,0x2923,0x2923,0xFE87,
  0xFE87,0xBC62,0xFE87,0xFE87,0xFE87,0xFE87,0xFE87,0xFE87,0xFE87,0xFE87,0x2923,0x2923,0x2923,0xFE87,0xBC62,0xFE87,
  0xFE87,0xFE87,0xFE87,0xFE87,0xFE87,0xFE87,0x2923,0x2923,0xF81F,0x2923,0xFE87,0xBC62,0xFE87,0xFE87,0xFE87,0xFE87,
  0xFE87,0xFE87,0xFE87,0x2923,0xF81F,0xF81F,0x2923,0xFE87,0xFE87,0xFE87,0xFE87,0xFE87,0xFE87,0xFE87,0xFE87,0xFE87,
  0x2923,0xF81F,0xF81F,0x2923,0x2923,0xFE87,0xFE87,0xFE87,0xFE87,0xFE87,0xFE87,0xFE87,0x2923,0x2923,0xF81F,0xF81F,
  0xF81F,0x2923,0x2923,0x2923,0x2923,0xFE87,0x2923,0x2923,0x2923,0x2923,0xF81F,0xF81F,0xF81F,0xF81F,0xF81F,0xF81F,
  0xF81F,0x2923,0x2923,0x2923,0xF81F,0xF81F,0xF81F,0xF81F,0xF81F
};
constexpr SpriteImg SPR_COIN_A = { spr_coin_a_px, 13, 13 };

static const uint16_t spr_coin_b_px[] = {
  0xF81F,0xF81F,0xF81F,0xF81F,0x2923,0x2923,0x2923,0xF81F,0xF81F,0xF81F,0xF81F,0xF81F,0xF81F,0x2923,0x2923,0x2923,
  0xFE87,0x2923,0x2923,0x2923,0xF81F,0xF81F,0xF81F,0x2923,0x2923,0xFE87,0xFE87,0xFE87,0xFE87,0xFE87,0x2923,0x2923,
  0xF81F,0xF81F,0x2923,0xFE87,0xFE87,0xFE87,0xFFFF,0xFFFF,0xFE87,0xFE87,0x2923,0xF81F,0xF81F,0x2923,0xFE87,0xBC62,
  0xFE87,0xFFFF,0xFFFF,0xFE87,0xFE87,0x2923,0xF81F,0x2923,0x2923,0xFE87,0xBC62,0xFE87,0xFE87,0xFE87,0xFE87,0xFE87,
  0x2923,0x2923,0x2923,0xFE87,0xFE87,0xBC62,0xFE87,0xFE87,0xFE87,0xFE87,0xFE87,0xFE87,0x2923,0x2923,0x2923,0xFE87,
  0xBC62,0xFE87,0xFE87,0xFE87,0xFE87,0xFE87,0x2923,0x2923,0xF81F,0x2923,0xFE87,0xBC62,0xFE87,0xFE87,0xFE87,0xFE87,
  0xFE87,0x2923,0xF81F,0xF81F,0x2923,0xFE87,0xFE87,0xFE87,0xFE87,0xFE87,0xFE87,0xFE87,0x2923,0xF81F,0xF81F,0x2923,
  0x2923,0xFE87,0xFE87,0xFE87,0xFE87,0xFE87,0x2923,0x2923,0xF81F,0xF81F,0xF81F,0x2923,0x2923,0x2923,0xFE87,0x2923,
  0x2923,0x2923,0xF81F,0xF81F,0xF81F,0xF81F,0xF81F,0xF81F,0x2923,0x2923,0x2923,0xF81F,0xF81F,0xF81F,0xF81F
};
constexpr SpriteImg SPR_COIN_B = { spr_coin_b_px, 11, 13 };

static const uint16_t spr_coin_c_px[] = {
  0xF81F,0x2923,0x2923,0x2923,0xF81F,0xF81F,0x2923,0xFE87,0x2923,0xF81F,0xF81F,0x2923,0xFE87,0x2923,0xF81F,0xF81F,
  0x2923,0xFFFF,0x2923,0xF81F,0xF81F,0x2923,0xFFFF,0x2923,0xF81F,0x2923,0x2923,0xFFFF,0x2923,0x2923,0x2923,0xFE87,
  0xFFFF,0xFE87,0x2923,0x2923,0x2923,0xFFFF,0x2923,0x2923,0xF81F,0x2923,0xFFFF,0x2923,0xF81F,0xF81F,0x2923,0xFFFF,
  0x2923,0xF81F,0xF81F,0x2923,0xFE87,0x2923,0xF81F,0xF81F,0x2923,0xFE87,0x2923,0xF81F,0xF81F,0x2923,0x2923,0x2923,
  0xF81F
};
constexpr SpriteImg SPR_COIN_C = { spr_coin_c_px, 5, 13 };

static const uint16_t spr_coin_d_px[] = {
  0xF81F,0xF81F,0xF81F,0xF81F,0x2923,0x2923,0x2923,0xF81F,0xF81F,0xF81F,0xF81F,0xF81F,0xF81F,0x2923,0x2923,0x2923,
  0xFE87,0x2923,0x2923,0x2923,0xF81F,0xF81F,0xF81F,0x2923,0x2923,0xFE87,0xFE87,0xFE87,0xFE87,0xFE87,0x2923,0x2923,
  0xF81F,0xF81F,0x2923,0xFE87,0xFE87,0xFE87,0xFFFF,0xFFFF,0xFE87,0xFE87,0x2923,0xF81F,0xF81F,0x2923,0xFE87,0xBC62,
  0xFE87,0xFFFF,0xFFFF,0xFE87,0xFE87,0x2923,0xF81F,0x2923,0x2923,0xFE87,0xBC62,0xFE87,0xFE87,0xFE87,0xFE87,0xFE87,
  0x2923,0x2923,0x2923,0xFE87,0xFE87,0xBC62,0xFE87,0xFE87,0xFE87,0xFE87,0xFE87,0xFE87,0x2923,0x2923,0x2923,0xFE87,
  0xBC62,0xFE87,0xFE87,0xFE87,0xFE87,0xFE87,0x2923,0x2923,0xF81F,0x2923,0xFE87,0xBC62,0xFE87,0xFE87,0xFE87,0xFE87,
  0xFE87,0x2923,0xF81F,0xF81F,0x2923,0xFE87,0xFE87,0xFE87,0xFE87,0xFE87,0xFE87,0xFE87,0x2923,0xF81F,0xF81F,0x2923,
  0x2923,0xFE87,0xFE87,0xFE87,0xFE87,0xFE87,0x2923,0x2923,0xF81F,0xF81F,0xF81F,0x2923,0x2923,0x2923,0xFE87,0x2923,
  0x2923,0x2923,0xF81F,0xF81F,0xF81F,0xF81F,0xF81F,0xF81F,0x2923,0x2923,0x2923,0xF81F,0xF81F,0xF81F,0xF81F
};
constexpr SpriteImg SPR_COIN_D = { spr_coin_d_px, 11, 13 };

static const uint16_t spr_heart_full_px[] = {
  0xF81F,0xF81F,0x2923,0x2923,0x2923,0xF81F,0x2923,0x2923,0x2923,0xF81F,0xF81F,0x2923,0x2923,0xE9E8,0x2923,0x2923,
  0x2923,0xE9E8,0x2923,0x2923,0x2923,0x2923,0xE9E8,0xE9E8,0xE9E8,0x2923,0xE9E8,0xE9E8,0xE9E8,0x2923,0x2923,0xE9E8,
  0xE9E8,0xFFFF,0xFFFF,0xE9E8,0xE9E8,0xE9E8,0xE9E8,0x2923,0x2923,0xE9E8,0xE9E8,0xFFFF,0xFFFF,0xE9E8,0xE9E8,0xE9E8,
  0xE9E8,0x2923,0x2923,0x2923,0xE9E8,0xE9E8,0xE9E8,0xE9E8,0xE9E8,0xE9E8,0xE9E8,0x2923,0xF81F,0x2923,0x2923,0xE9E8,
  0xE9E8,0xE9E8,0xE9E8,0xE9E8,0x2923,0x2923,0xF81F,0xF81F,0x2923,0x2923,0xE9E8,0xE9E8,0xE9E8,0x2923,0x2923,0xF81F,
  0xF81F,0xF81F,0xF81F,0x2923,0x2923,0xE9E8,0x2923,0x2923,0xF81F,0xF81F,0xF81F,0xF81F,0xF81F,0xF81F,0x2923,0x2923,
  0x2923,0xF81F,0xF81F,0xF81F
};
constexpr SpriteImg SPR_HEART_FULL = { spr_heart_full_px, 10, 10 };

static const uint16_t spr_heart_empty_px[] = {
  0xF81F,0xF81F,0x2923,0x2923,0x2923,0xF81F,0x2923,0x2923,0x2923,0xF81F,0xF81F,0x2923,0x2923,0xF81F,0x2923,0x2923,
  0x2923,0xF81F,0x2923,0x2923,0x2923,0x2923,0xF81F,0xF81F,0xF81F,0x2923,0xF81F,0xF81F,0xF81F,0x2923,0x2923,0xF81F,
  0xF81F,0xF81F,0xF81F,0xF81F,0xF81F,0xF81F,0xF81F,0x2923,0x2923,0xF81F,0xF81F,0xF81F,0xF81F,0xF81F,0xF81F,0xF81F,
  0xF81F,0x2923,0x2923,0x2923,0xF81F,0xF81F,0xF81F,0xF81F,0xF81F,0xF81F,0xF81F,0x2923,0xF81F,0x2923,0x2923,0xF81F,
  0xF81F,0xF81F,0xF81F,0xF81F,0x2923,0x2923,0xF81F,0xF81F,0x2923,0x2923,0xF81F,0xF81F,0xF81F,0x2923,0x2923,0xF81F,
  0xF81F,0xF81F,0xF81F,0x2923,0x2923,0xF81F,0x2923,0x2923,0xF81F,0xF81F,0xF81F,0xF81F,0xF81F,0xF81F,0x2923,0x2923,
  0x2923,0xF81F,0xF81F,0xF81F
};
constexpr SpriteImg SPR_HEART_EMPTY = { spr_heart_empty_px, 10, 10 };

static const uint16_t spr_fx_slash_px[] = {
  0xF81F,0xF81F,0xF81F,0xF81F,0xF81F,0xF81F,0xF81F,0xF81F,0x2923,0x2923,0x2923,0xF81F,0xF81F,0xF81F,0xF81F,0xF81F,
  0xF81F,0xF81F,0xF81F,0xF81F,0xF81F,0xF81F,0xF81F,0xF81F,0xF81F,0x2923,0x2923,0x2923,0xFFFF,0x2923,0x2923,0x2923,
  0xF81F,0xF81F,0xF81F,0xF81F,0xF81F,0xF81F,0xF81F,0xF81F,0xF81F,0xF81F,0x2923,0x2923,0x2923,0xFFFF,0xFFFF,0x2923,
  0xFFFF,0xFFFF,0x2923,0x2923,0x2923,0xF81F,0xF81F,0xF81F,0xF81F,0xF81F,0xF81F,0xF81F,0x2923,0x2923,0xFFFF,0xFFFF,
  0xB5B7,0xB5B7,0xB5B7,0x2923,0x2923,0xFFFF,0xFFFF,0x2923,0x2923,0xF81F,0xF81F,0xF81F,0xF81F,0xF81F,0xF81F,0x2923,
  0xB5B7,0xB5B7,0xB5B7,0x2923,0xF81F,0xF81F,0xF81F,0x2923,0x2923,0x2923,0xFFFF,0x2923,0x2923,0xF81F,0xF81F,0xF81F,
  0xF81F,0x2923,0x2923,0xFFFF,0x2923,0xF81F,0xF81F,0xF81F,0xF81F,0xF81F,0xF81F,0xF81F,0x2923,0x2923,0xFFFF,0x2923,
  0xF81F,0xF81F,0xF81F,0xF81F,0x2923,0xFFFF,0x2923,0x2923,0xF81F,0xF81F,0xF81F,0xF81F,0xF81F,0xF81F,0xF81F,0xF81F,
  0x2923,0xFFFF,0x2923,0x2923,0xF81F,0xF81F,0x2923,0x2923,0xFFFF,0x2923,0xF81F,0xF81F,0xF81F,0xF81F,0xF81F,0xF81F,
  0xF81F,0xF81F,0xF81F,0x2923,0x2923,0xFFFF,0x2923,0xF81F,0xF81F,0x2923,0xFFFF,0x2923,0x2923,0xF81F,0xF81F,0xF81F,
  0xF81F,0xF81F,0xF81F,0xF81F,0xF81F,0xF81F,0xF81F,0x2923,0xFFFF,0x2923,0x2923,0x2923,0x2923,0xFFFF,0x2923,0xF81F,
  0xF81F,0xF81F,0xF81F,0xF81F,0xF81F,0xF81F,0xF81F,0xF81F,0xF81F,0xF81F,0x2923,0x2923,0xFFFF,0x2923,0x2923,0xFFFF,
  0x2923,0x2923,0xF81F,0xF81F,0xF81F,0xF81F,0xF81F,0xF81F,0xF81F,0xF81F,0xF81F,0xF81F,0xF81F,0xF81F,0x2923,0xFFFF,
  0x2923,0x2923,0x2923,0x2923,0xF81F,0xF81F,0xF81F,0xF81F,0xF81F,0xF81F,0xF81F,0xF81F,0xF81F,0xF81F,0xF81F,0xF81F,
  0xF81F,0x2923,0x2923,0x2923
};
constexpr SpriteImg SPR_FX_SLASH = { spr_fx_slash_px, 19, 12 };

static const uint16_t spr_fx_poof_px[] = {
  0xF81F,0xF81F,0xF81F,0xF81F,0xF81F,0xF81F,0xF81F,0xF81F,0x2923,0x2923,0x2923,0x2923,0x2923,0xF81F,0xF81F,0xF81F,
  0xF81F,0xF81F,0xF81F,0xF81F,0xF81F,0xF81F,0xF81F,0xF81F,0xF81F,0xF81F,0xF81F,0xF81F,0xF81F,0x2923,0xFFFF,0xFFFF,
  0xFFFF,0x2923,0xF81F,0xF81F,0xF81F,0xF81F,0xF81F,0xF81F,0xF81F,0xF81F,0xF81F,0xF81F,0x2923,0x2923,0x2923,0x2923,
  0x2923,0xF81F,0x2923,0xFFFF,0xFFFF,0xFFFF,0x2923,0xF81F,0x2923,0x2923,0x2923,0x2923,0x2923,0xF81F,0xF81F,0xF81F,
  0xF81F,0x2923,0xFFFF,0xFFFF,0xFFFF,0x2923,0xF81F,0x2923,0xFFFF,0xFFFF,0xFFFF,0x2923,0xF81F,0x2923,0xB5B7,0xB5B7,
  0xB5B7,0x2923,0xF81F,0xF81F,0xF81F,0xF81F,0x2923,0xFFFF,0xFFFF,0xFFFF,0x2923,0xF81F,0x2923,0xFFFF,0xFFFF,0xFFFF,
  0x2923,0xF81F,0x2923,0xB5B7,0xB5B7,0xB5B7,0x2923,0xF81F,0xF81F,0xF81F,0xF81F,0x2923,0xFFFF,0xFFFF,0xFFFF,0x2923,
  0xF81F,0x2923,0x2923,0x2923,0x2923,0x2923,0xF81F,0x2923,0xB5B7,0xB5B7,0xB5B7,0x2923,0xF81F,0xF81F,0xF81F,0xF81F,
  0x2923,0x2923,0x2923,0x2923,0x2923,0xF81F,0xF81F,0xF81F,0xF81F,0xF81F,0xF81F,0xF81F,0x2923,0x2923,0x2923,0x2923,
  0x2923,0xF81F,0xF81F,0xF81F,0xF81F,0xF81F,0xF81F,0xF81F,0xF81F,0xF81F,0xF81F,0xF81F,0xF81F,0xF81F,0xF81F,0xF81F,
  0xF81F,0xF81F,0xF81F,0xF81F,0xF81F,0xF81F,0xF81F,0xF81F,0x2923,0x2923,0x2923,0x2923,0x2923,0x2923,0xF81F,0xF81F,
  0xF81F,0xF81F,0xF81F,0xF81F,0xF81F,0xF81F,0xF81F,0x2923,0x2923,0x2923,0x2923,0x2923,0x2923,0x2923,0xFFFF,0xFFFF,
  0xFFFF,0xFFFF,0x2923,0xF81F,0xF81F,0xF81F,0xF81F,0xF81F,0xF81F,0xF81F,0xF81F,0xF81F,0x2923,0xB5B7,0xB5B7,0xB5B7,
  0xB5B7,0x2923,0x2923,0xFFFF,0xFFFF,0xFFFF,0xFFFF,0x2923,0xF81F,0xF81F,0xF81F,0xF81F,0xF81F,0xF81F,0xF81F,0xF81F,
  0xF81F,0x2923,0xB5B7,0xB5B7,0xB5B7,0xB5B7,0x2923,0x2923,0xFFFF,0xFFFF,0xFFFF,0xFFFF,0x2923,0xF81F,0xF81F,0xF81F,
  0xF81F,0xF81F,0xF81F,0xF81F,0xF81F,0xF81F,0x2923,0xB5B7,0xB5B7,0xB5B7,0xB5B7,0x2923,0x2923,0x2923,0x2923,0x2923,
  0x2923,0x2923,0xF81F,0xF81F,0xF81F,0xF81F,0xF81F,0xF81F,0xF81F,0xF81F,0xF81F,0x2923,0x2923,0x2923,0x2923,0x2923,
  0x2923,0xF81F,0xF81F,0xF81F,0xF81F,0xF81F,0xF81F,0xF81F,0xF81F,0xF81F,0xF81F,0xF81F,0xF81F,0xF81F,0xF81F,0xF81F,
  0xF81F,0xF81F,0xF81F,0xF81F,0xF81F,0xF81F,0xF81F,0xF81F,0x2923,0x2923,0x2923,0x2923,0x2923,0xF81F,0xF81F,0xF81F,
  0xF81F,0xF81F,0xF81F,0xF81F,0x2923,0x2923,0x2923,0x2923,0x2923,0xF81F,0xF81F,0xF81F,0xF81F,0x2923,0xFFFF,0xFFFF,
  0xFFFF,0x2923,0xF81F,0x2923,0x2923,0x2923,0x2923,0x2923,0xF81F,0x2923,0xB5B7,0xB5B7,0xB5B7,0x2923,0xF81F,0xF81F,
  0xF81F,0xF81F,0x2923,0xFFFF,0xFFFF,0xFFFF,0x2923,0xF81F,0x2923,0xB5B7,0xB5B7,0xB5B7,0x2923,0xF81F,0x2923,0xB5B7,
  0xB5B7,0xB5B7,0x2923,0xF81F,0xF81F,0xF81F,0xF81F,0x2923,0xFFFF,0xFFFF,0xFFFF,0x2923,0xF81F,0x2923,0xB5B7,0xB5B7,
  0xB5B7,0x2923,0xF81F,0x2923,0xB5B7,0xB5B7,0xB5B7,0x2923,0xF81F,0xF81F,0xF81F,0xF81F,0x2923,0x2923,0x2923,0x2923,
  0x2923,0xF81F,0x2923,0xB5B7,0xB5B7,0xB5B7,0x2923,0xF81F,0x2923,0x2923,0x2923,0x2923,0x2923,0xF81F,0xF81F,0xF81F,
  0xF81F,0xF81F,0xF81F,0xF81F,0xF81F,0xF81F,0xF81F,0x2923,0xB5B7,0xB5B7,0xB5B7,0x2923,0xF81F,0xF81F,0xF81F,0xF81F,
  0xF81F,0xF81F,0xF81F,0xF81F,0xF81F,0xF81F,0xF81F,0xF81F,0xF81F,0xF81F,0xF81F,0xF81F,0x2923,0x2923,0x2923,0x2923,
  0x2923,0xF81F,0xF81F,0xF81F,0xF81F,0xF81F,0xF81F,0xF81F,0xF81F
};
constexpr SpriteImg SPR_FX_POOF = { spr_fx_poof_px, 21, 21 };
